dialogue_id,turn_id,turn,M_1,M_2,M_3,M_4,M_5
group_101723,tid_50,turn_1,0,0,0,0,0
group_101723,tid_50,turn_1,0,0,0,0,0
group_101723,tid_50,turn_1,0,0,0,0,0
group_101723,tid_50,turn_1,0,0,0,0,0
group_101723,tid_50,turn_1,0,0,0,0,0
group_101723,tid_50,turn_1,0,0,0,0,0
group_101723,tid_50,turn_1,0,0,0,0,0
group_101723,tid_50,turn_1,0,0,0,0,0
group_101723,tid_50,turn_1,0,0,0,0,0
group_101723,tid_50,turn_1,0,0,0,0,0
group_101723,tid_50,turn_1,0,0,0,0,0
group_101723,tid_5809,turn_2,0,0,0,0,0
group_101723,tid_5809,turn_2,0,0,0,0,0
group_101723,tid_5809,turn_2,0,0,0,0,0
group_101723,tid_5809,turn_2,0,0,0,0,0
group_101723,tid_5809,turn_2,0,0,0,0,0
group_101723,tid_5809,turn_2,0,0,0,0,0
group_101723,tid_5809,turn_2,0,0,0,0,0
group_101723,tid_3286,turn_3,1,1,1,1,0
group_101723,tid_3286,turn_3,0,0,0,0,0
group_101723,tid_3286,turn_3,0,0,0,0,0
group_101723,tid_3286,turn_3,0,0,0,0,0
group_101723,tid_3286,turn_3,0,0,0,0,0
group_101723,tid_3286,turn_3,0,0,0,0,0
group_101723,tid_3286,turn_3,0,0,0,0,0
group_101723,tid_3286,turn_3,0,0,0,0,0
group_101723,tid_3286,turn_3,0,0,0,0,0
group_101723,tid_3286,turn_3,0,0,0,0,0
group_101723,tid_3286,turn_3,0,0,0,0,0
group_101723,tid_3286,turn_3,0,0,0,0,0
group_101723,tid_3286,turn_3,0,0,0,0,0
group_101723,tid_3720,turn_4,1,1,0,1,1
group_101723,tid_3720,turn_4,1,1,1,1,1
group_101723,tid_3720,turn_4,1,1,1,1,1
group_101723,tid_3720,turn_4,1,0,1,1,0
group_101723,tid_3720,turn_4,0,0,0,0,0
group_101723,tid_3720,turn_4,0,0,0,0,0
group_101723,tid_3720,turn_4,0,0,0,0,0
group_101723,tid_3936,turn_5,1,1,1,1,1
group_101723,tid_3936,turn_5,0,0,0,0,0
group_101723,tid_3936,turn_5,1,1,0,1,0
group_101723,tid_5322,turn_6,1,1,1,1,1
group_101723,tid_5322,turn_6,1,0,1,1,1
group_101723,tid_5322,turn_6,0,0,0,0,0
group_101723,tid_5322,turn_6,0,0,0,0,0
group_101723,tid_5322,turn_6,1,0,1,1,1
group_101723,tid_4420,turn_7,0,0,0,0,0
group_101723,tid_4420,turn_7,0,0,0,0,0
group_101723,tid_4420,turn_7,0,0,0,0,0
group_101723,tid_4420,turn_7,0,0,0,0,0
group_101723,tid_656,turn_8,0,0,0,0,0
group_101723,tid_656,turn_8,0,0,0,0,0
group_101723,tid_656,turn_8,0,0,0,0,0
group_101723,tid_656,turn_8,0,0,0,0,0
group_101723,tid_656,turn_8,0,0,0,0,0
group_101723,tid_656,turn_8,0,0,0,0,0
group_101723,tid_656,turn_8,0,0,0,0,0
group_101723,tid_656,turn_8,0,0,0,0,0
group_101723,tid_656,turn_8,0,0,0,0,0
group_101723,tid_656,turn_8,0,0,0,0,0
group_101723,tid_5122,turn_9,0,0,0,0,0
group_101723,tid_5122,turn_9,0,0,0,0,0
group_101723,tid_5122,turn_9,0,0,0,0,0
group_101723,tid_5122,turn_9,0,0,0,0,0
group_101723,tid_5122,turn_9,0,0,0,0,0
group_101723,tid_5122,turn_9,0,0,0,0,0
group_101723,tid_5122,turn_9,0,0,0,0,0
group_101723,tid_5122,turn_9,0,0,0,0,0
group_101723,tid_1179,turn_10,0,0,0,0,0
group_101723,tid_1179,turn_10,0,0,0,0,0
group_101723,tid_1179,turn_10,0,0,0,0,0
group_101723,tid_1179,turn_10,0,0,0,0,0
group_101723,tid_1179,turn_10,0,0,0,0,0
group_101723,tid_1179,turn_10,0,0,0,0,0
group_101723,tid_1179,turn_10,0,0,0,0,0
group_10233,tid_4986,turn_1,0,0,0,0,0
group_10233,tid_659,turn_2,0,0,0,0,0
group_10233,tid_659,turn_2,0,0,0,0,0
group_10233,tid_4588,turn_3,0,0,0,0,0
group_10233,tid_4588,turn_3,0,0,0,0,0
group_10390,tid_7024,turn_1,0,0,0,0,0
group_10390,tid_7024,turn_1,0,0,0,0,0
group_10390,tid_7024,turn_1,0,0,0,0,0
group_10390,tid_7024,turn_1,0,0,0,0,0
group_10390,tid_7024,turn_1,0,0,0,0,0
group_10390,tid_7024,turn_1,0,0,0,0,0
group_10390,tid_7024,turn_1,0,0,0,0,0
group_10390,tid_7024,turn_1,0,0,0,0,0
group_10390,tid_7024,turn_1,0,0,0,0,0
group_10390,tid_7024,turn_1,0,0,0,0,0
group_10390,tid_7024,turn_1,0,0,0,0,0
group_10390,tid_5625,turn_2,0,0,0,0,0
group_108880,tid_5183,turn_1,0,0,0,0,0
group_108880,tid_3085,turn_2,0,0,0,0,0
group_108880,tid_3085,turn_2,0,0,0,0,0
group_108880,tid_3085,turn_2,0,0,0,0,0
group_108880,tid_3085,turn_2,0,0,0,0,0
group_108880,tid_6579,turn_3,0,0,0,0,0
group_108880,tid_6579,turn_3,0,0,0,0,0
group_108880,tid_6579,turn_3,0,0,0,0,0
group_113824,tid_1248,turn_1,0,0,0,0,0
group_113824,tid_7753,turn_2,0,0,0,0,0
group_114631,tid_2100,turn_1,0,0,0,0,0
group_114631,tid_2100,turn_1,0,0,0,0,0
group_119780,tid_3812,turn_1,0,0,0,0,0
group_119780,tid_7690,turn_2,0,0,0,0,0
group_124302,tid_4378,turn_1,0,0,0,0,0
group_124302,tid_6936,turn_2,0,0,0,0,0
group_124712,tid_5746,turn_1,0,0,0,0,0
group_124712,tid_3064,turn_2,0,0,0,0,0
group_126092,tid_5858,turn_1,0,0,0,0,0
group_126092,tid_1407,turn_2,0,0,0,0,0
group_126190,tid_7203,turn_1,0,0,1,0,0
group_126190,tid_7203,turn_1,0,0,0,0,0
group_126190,tid_7203,turn_1,0,0,0,0,1
group_126190,tid_7203,turn_1,0,0,0,0,0
group_126190,tid_7203,turn_1,0,0,0,0,0
group_126190,tid_930,turn_2,0,0,0,0,0
group_126190,tid_930,turn_2,0,0,0,0,0
group_126190,tid_930,turn_2,0,0,0,0,0
group_126190,tid_930,turn_2,0,0,0,0,0
group_126190,tid_930,turn_2,0,0,0,0,0
group_126190,tid_930,turn_2,0,0,0,0,0
group_126190,tid_930,turn_2,0,0,0,0,0
group_126190,tid_930,turn_2,0,0,0,0,0
group_126190,tid_930,turn_2,0,0,0,0,0
group_126190,tid_930,turn_2,0,0,0,0,0
group_126190,tid_930,turn_2,0,0,0,0,0
group_126190,tid_930,turn_2,0,0,0,0,0
group_126190,tid_930,turn_2,0,0,0,0,0
group_126190,tid_930,turn_2,0,0,0,0,0
group_126190,tid_930,turn_2,0,0,0,0,0
group_126190,tid_930,turn_2,0,0,0,0,0
group_126190,tid_930,turn_2,0,0,0,0,0
group_126190,tid_930,turn_2,0,0,0,0,0
group_126190,tid_930,turn_2,0,0,0,0,0
group_126190,tid_930,turn_2,0,0,0,0,0
group_126190,tid_930,turn_2,0,0,0,0,0
group_126190,tid_5283,turn_3,1,0,1,1,0
group_126190,tid_5283,turn_3,0,0,0,0,0
group_126190,tid_5426,turn_4,0,0,0,0,0
group_126190,tid_5426,turn_4,0,0,0,0,0
group_126190,tid_5426,turn_4,0,0,0,0,0
group_126190,tid_5426,turn_4,0,0,0,0,0
group_126190,tid_5426,turn_4,0,0,0,0,0
group_126190,tid_5426,turn_4,0,0,0,0,0
group_126190,tid_5426,turn_4,0,0,0,0,1
group_126190,tid_5426,turn_4,0,0,0,0,0
group_126190,tid_5426,turn_4,0,0,0,0,0
group_126190,tid_5426,turn_4,1,1,0,1,1
group_126190,tid_5426,turn_4,1,1,1,1,1
group_126190,tid_5426,turn_4,0,0,0,0,0
group_126190,tid_5426,turn_4,0,0,0,0,0
group_126190,tid_6031,turn_5,1,0,1,1,1
group_126190,tid_6031,turn_5,0,0,0,0,0
group_126190,tid_6994,turn_6,0,0,0,0,0
group_126190,tid_6994,turn_6,1,1,1,1,1
group_126190,tid_6994,turn_6,0,0,0,0,0
group_126190,tid_6994,turn_6,0,0,0,0,0
group_126190,tid_6994,turn_6,0,0,0,0,0
group_126190,tid_2347,turn_7,1,1,1,1,0
group_137732,tid_409,turn_1,0,0,0,0,0
group_137732,tid_768,turn_2,0,0,0,0,0
group_137732,tid_768,turn_2,0,0,0,0,0
group_137732,tid_768,turn_2,0,0,0,0,0
group_137732,tid_768,turn_2,0,0,0,0,0
group_137732,tid_2940,turn_3,0,0,0,0,0
group_137732,tid_7040,turn_4,0,0,0,0,0
group_137732,tid_7040,turn_4,0,0,0,0,0
group_159573,tid_7031,turn_1,0,0,0,0,0
group_159573,tid_5710,turn_2,0,0,0,0,0
group_161673,tid_7810,turn_1,0,0,0,0,0
group_161673,tid_7810,turn_1,0,0,0,0,0
group_161673,tid_4069,turn_2,0,0,0,0,0
group_1710,tid_6648,turn_1,0,0,0,0,0
group_179072,tid_544,turn_2,1,1,0,1,0
group_179072,tid_544,turn_2,1,1,1,1,0
group_179072,tid_544,turn_2,0,0,1,0,0
group_180611,tid_7808,turn_1,0,0,0,0,0
group_180611,tid_7808,turn_1,0,0,0,0,0
group_180611,tid_7808,turn_1,0,0,0,0,0
group_180611,tid_6878,turn_2,0,0,0,0,0
group_180611,tid_5950,turn_3,0,0,0,0,0
group_194680,tid_4021,turn_1,0,0,0,0,0
group_194680,tid_4021,turn_1,0,0,0,0,0
group_194680,tid_4021,turn_1,0,0,0,0,0
group_194680,tid_4021,turn_1,0,0,0,0,0
group_194680,tid_4021,turn_1,0,0,0,0,0
group_194680,tid_4021,turn_1,0,0,0,0,0
group_194680,tid_2629,turn_2,0,0,0,0,0
group_194680,tid_2629,turn_2,0,0,0,0,0
group_194680,tid_2629,turn_2,0,0,0,0,0
group_194680,tid_2629,turn_2,0,0,0,0,0
group_194680,tid_2629,turn_2,0,0,0,0,0
group_195782,tid_6010,turn_1,0,0,0,0,0
group_195782,tid_4504,turn_2,0,0,0,0,0
group_195782,tid_4504,turn_2,0,0,0,0,0
group_195782,tid_4504,turn_2,0,0,0,0,0
group_195782,tid_3277,turn_3,0,0,0,0,0
group_195782,tid_3277,turn_3,1,0,0,0,0
group_195782,tid_3277,turn_3,0,0,0,0,0
group_195782,tid_3277,turn_3,0,0,0,0,0
group_195782,tid_3277,turn_3,0,0,0,0,0
group_197512,tid_1004,turn_1,0,0,0,0,0
group_197512,tid_435,turn_2,0,0,0,0,0
group_200003,tid_5593,turn_1,0,0,0,0,0
group_200003,tid_5593,turn_1,0,0,0,0,0
group_200003,tid_5593,turn_1,0,0,0,0,0
group_200003,tid_5593,turn_1,0,0,0,0,0
group_200003,tid_5593,turn_1,0,0,0,0,0
group_200003,tid_5593,turn_1,0,0,0,0,0
group_200003,tid_5593,turn_1,0,0,0,0,0
group_200003,tid_1424,turn_2,0,0,0,0,0
group_200003,tid_7406,turn_3,1,1,1,1,0
group_200003,tid_7406,turn_3,0,0,0,0,0
group_200003,tid_7406,turn_3,0,0,0,0,0
group_200003,tid_779,turn_4,0,0,0,0,0
group_200003,tid_779,turn_4,0,0,0,0,0
group_200003,tid_7681,turn_5,0,0,0,0,0
group_200003,tid_7681,turn_5,0,0,0,0,0
group_200003,tid_7681,turn_5,0,0,0,0,0
group_200003,tid_7681,turn_5,0,0,0,0,0
group_200003,tid_7681,turn_5,0,0,0,0,0
group_212843,tid_5227,turn_1,0,0,0,0,0
group_212843,tid_5227,turn_1,0,0,0,0,0
group_212843,tid_5227,turn_1,0,0,0,0,0
group_216562,tid_7844,turn_1,0,0,0,0,0
group_216562,tid_7844,turn_1,0,0,0,0,0
group_216562,tid_7844,turn_1,0,0,0,0,0
group_216562,tid_7594,turn_2,0,0,0,0,0
group_216562,tid_898,turn_3,0,1,0,0,0
group_221550,tid_5044,turn_1,0,0,0,0,0
group_221550,tid_5044,turn_1,0,0,0,0,0
group_221550,tid_5044,turn_1,0,0,0,0,0
group_221550,tid_5044,turn_1,0,0,0,0,0
group_221550,tid_5044,turn_1,0,0,0,0,0
group_221550,tid_5044,turn_1,0,0,0,0,0
group_221550,tid_5044,turn_1,0,0,0,0,0
group_221550,tid_5044,turn_1,0,0,0,0,0
group_221550,tid_5044,turn_1,0,0,0,0,0
group_221550,tid_5044,turn_1,0,0,0,0,0
group_221550,tid_1383,turn_2,0,0,0,0,0
group_221550,tid_1383,turn_2,0,0,0,0,0
group_221550,tid_1383,turn_2,0,0,0,0,0
group_221550,tid_1383,turn_2,0,0,0,0,0
group_221550,tid_1383,turn_2,0,0,0,0,0
group_221550,tid_1383,turn_2,0,0,0,0,0
group_221550,tid_1383,turn_2,0,0,0,0,0
group_221550,tid_1383,turn_2,0,0,0,0,0
group_221550,tid_1383,turn_2,0,0,0,0,0
group_221550,tid_1383,turn_2,0,0,0,0,0
group_221550,tid_1383,turn_2,0,0,0,0,0
group_221550,tid_1383,turn_2,0,0,0,0,0
group_221550,tid_1383,turn_2,0,0,0,0,0
group_221550,tid_1383,turn_2,0,0,0,0,0
group_221550,tid_1383,turn_2,0,0,0,0,0
group_221550,tid_1383,turn_2,0,0,0,0,0
group_228360,tid_2390,turn_1,0,0,0,0,0
group_228360,tid_2390,turn_1,0,0,0,0,0
group_228360,tid_1855,turn_2,1,0,1,1,1
group_228360,tid_1738,turn_3,0,0,0,0,0
group_228360,tid_250,turn_4,0,0,0,0,0
group_228360,tid_421,turn_5,0,0,0,0,0
group_228360,tid_421,turn_5,0,0,0,0,0
group_228360,tid_421,turn_5,0,0,0,0,0
group_231614,tid_6062,turn_1,0,0,0,0,0
group_231614,tid_174,turn_2,0,0,0,0,0
group_231614,tid_4360,turn_3,0,0,0,0,0
group_231614,tid_3870,turn_4,0,0,0,0,0
group_231614,tid_4474,turn_5,0,0,0,0,0
group_233352,tid_235,turn_1,0,0,0,0,0
group_233352,tid_1612,turn_2,0,0,0,0,0
group_233352,tid_1612,turn_2,0,0,0,0,0
group_233352,tid_1612,turn_2,0,0,0,0,0
group_23973,tid_4186,turn_1,0,0,0,0,0
group_23973,tid_5489,turn_2,0,0,0,0,0
group_23973,tid_5489,turn_2,0,0,0,0,0
group_23973,tid_5489,turn_2,0,0,0,0,0
group_23973,tid_5489,turn_2,0,0,0,0,0
group_23973,tid_5489,turn_2,0,0,0,0,0
group_23973,tid_5489,turn_2,0,0,0,0,0
group_241433,tid_7237,turn_1,0,0,0,0,0
group_241433,tid_4255,turn_2,0,0,0,0,0
group_241433,tid_960,turn_3,0,0,0,0,0
group_248374,tid_6065,turn_1,0,0,0,0,0
group_248374,tid_6065,turn_1,0,0,0,0,0
group_248374,tid_6065,turn_1,0,0,0,0,0
group_248374,tid_6065,turn_1,0,0,0,0,0
group_248374,tid_6065,turn_1,0,0,0,0,0
group_248374,tid_4089,turn_2,0,0,0,0,0
group_258980,tid_7246,turn_1,0,0,0,0,0
group_258980,tid_7246,turn_1,0,0,0,0,0
group_258980,tid_7246,turn_1,0,0,0,0,0
group_258980,tid_7246,turn_1,0,0,0,0,0
group_258980,tid_7246,turn_1,0,0,0,0,0
group_258980,tid_7246,turn_1,0,0,0,0,0
group_258980,tid_7246,turn_1,0,0,0,0,0
group_258980,tid_7246,turn_1,0,0,0,0,0
group_258980,tid_7246,turn_1,0,0,1,0,0
group_258980,tid_7246,turn_1,0,0,0,0,0
group_258980,tid_7246,turn_1,0,0,0,0,0
group_258980,tid_7246,turn_1,0,0,0,0,0
group_258980,tid_7246,turn_1,0,0,0,0,0
group_258980,tid_2160,turn_2,0,0,0,0,0
group_258980,tid_2160,turn_2,0,0,0,0,0
group_258980,tid_2160,turn_2,0,0,0,0,0
group_258980,tid_2160,turn_2,0,0,0,0,0
group_258980,tid_2160,turn_2,0,0,0,0,0
group_258980,tid_2160,turn_2,0,0,0,0,0
group_258980,tid_2160,turn_2,0,0,0,0,0
group_258980,tid_2160,turn_2,0,0,0,0,0
group_258980,tid_2160,turn_2,0,0,0,0,0
group_258980,tid_2160,turn_2,0,0,0,0,0
group_259532,tid_7901,turn_1,0,0,0,0,0
group_259532,tid_7901,turn_1,0,0,0,0,0
group_259532,tid_7901,turn_1,0,0,0,0,0
group_259532,tid_7901,turn_1,0,0,0,0,0
group_259532,tid_7901,turn_1,0,0,0,0,0
group_259532,tid_7901,turn_1,0,0,0,0,0
group_259532,tid_7901,turn_1,0,0,0,0,0
group_259532,tid_7901,turn_1,0,0,0,0,0
group_259532,tid_7901,turn_1,0,0,0,0,0
group_259532,tid_7901,turn_1,0,0,0,0,0
group_259532,tid_7901,turn_1,0,0,0,0,0
group_259532,tid_7901,turn_1,0,0,0,0,0
group_259532,tid_7901,turn_1,0,0,0,0,0
group_259532,tid_318,turn_2,0,0,0,0,0
group_259532,tid_318,turn_2,0,0,0,0,0
group_259532,tid_318,turn_2,0,0,0,0,0
group_259532,tid_318,turn_2,0,0,0,0,0
group_259532,tid_318,turn_2,0,0,0,0,0
group_259532,tid_318,turn_2,0,0,0,0,0
group_259532,tid_4151,turn_3,0,0,0,0,0
group_259532,tid_4151,turn_3,0,0,0,0,0
group_259532,tid_4151,turn_3,0,0,0,0,0
group_259864,tid_5614,turn_1,0,0,0,0,0
group_259864,tid_5614,turn_1,0,0,0,0,0
group_259864,tid_5614,turn_1,0,0,0,0,0
group_259864,tid_5614,turn_1,0,0,0,0,0
group_259864,tid_5614,turn_1,0,0,0,0,0
group_259864,tid_5614,turn_1,0,0,0,0,0
group_259864,tid_5614,turn_1,0,0,0,0,0
group_259864,tid_5614,turn_1,0,0,0,0,0
group_259864,tid_5614,turn_1,0,0,0,0,0
group_259864,tid_4080,turn_2,0,0,0,0,0
group_259864,tid_4080,turn_2,0,0,0,0,0
group_259864,tid_4080,turn_2,0,0,0,0,0
group_259864,tid_714,turn_3,0,0,0,0,0
group_259864,tid_1494,turn_4,0,0,0,0,0
group_259864,tid_1494,turn_4,0,0,0,0,0
group_259864,tid_1494,turn_4,0,0,0,0,0
group_259864,tid_1494,turn_4,0,0,0,0,0
group_259864,tid_3022,turn_5,0,0,0,0,0
group_259864,tid_3022,turn_5,0,0,0,0,0
group_259864,tid_844,turn_6,0,0,0,0,0
group_259864,tid_844,turn_6,0,0,0,0,0
group_259864,tid_698,turn_7,0,0,0,0,0
group_259864,tid_698,turn_7,0,0,0,0,0
group_271593,tid_5774,turn_1,0,0,0,0,0
group_271593,tid_638,turn_2,1,1,1,1,1
group_271593,tid_638,turn_2,0,0,0,0,0
group_271593,tid_2148,turn_3,0,0,0,0,0
group_271593,tid_2148,turn_3,0,0,0,0,0
group_271593,tid_2148,turn_3,1,1,1,1,1
group_271593,tid_6114,turn_4,0,0,0,0,1
group_272993,tid_7487,turn_1,0,0,0,0,0
group_272993,tid_869,turn_2,0,0,0,0,0
group_2773,tid_1522,turn_1,0,0,0,0,0
group_2773,tid_849,turn_2,0,0,0,0,0
group_297434,tid_1594,turn_1,0,0,0,0,0
group_297434,tid_1594,turn_1,0,0,0,0,0
group_297434,tid_1594,turn_1,0,0,0,0,0
group_297434,tid_1594,turn_1,0,0,0,0,0
group_297434,tid_1594,turn_1,0,0,0,0,0
group_297434,tid_1594,turn_1,0,0,0,0,0
group_297434,tid_1594,turn_1,0,0,0,0,0
group_297434,tid_1594,turn_1,0,0,0,0,0
group_297434,tid_1594,turn_1,0,0,0,0,0
group_297434,tid_1594,turn_1,0,0,0,0,0
group_297434,tid_1594,turn_1,0,0,0,0,0
group_297434,tid_1594,turn_1,0,0,0,0,0
group_297434,tid_1594,turn_1,0,0,0,0,0
group_297434,tid_1594,turn_1,0,0,0,0,0
group_297434,tid_1594,turn_1,0,0,0,0,0
group_297434,tid_1594,turn_1,0,0,0,0,0
group_297434,tid_1594,turn_1,0,0,0,0,0
group_297434,tid_1594,turn_1,0,0,0,0,0
group_297434,tid_1594,turn_1,0,0,0,0,0
group_297434,tid_1594,turn_1,0,0,0,0,0
group_297434,tid_1594,turn_1,0,0,0,0,0
group_297434,tid_1594,turn_1,0,0,0,0,0
group_297434,tid_1594,turn_1,0,0,0,0,0
group_297434,tid_1594,turn_1,0,0,0,0,0
group_297434,tid_1594,turn_1,0,0,0,0,0
group_297434,tid_1594,turn_1,0,0,0,0,0
group_297434,tid_1594,turn_1,0,0,0,0,0
group_297434,tid_1594,turn_1,0,0,0,0,0
group_297434,tid_1594,turn_1,0,0,0,0,0
group_297434,tid_1594,turn_1,0,0,0,0,0
group_297434,tid_1594,turn_1,0,0,0,0,0
group_297434,tid_1594,turn_1,0,0,0,0,0
group_297434,tid_1594,turn_1,0,0,0,0,0
group_297434,tid_1594,turn_1,0,0,0,0,0
group_297434,tid_1594,turn_1,0,0,0,0,0
group_297434,tid_1594,turn_1,0,0,0,0,0
group_297434,tid_1594,turn_1,0,0,0,0,0
group_297434,tid_1594,turn_1,0,0,0,0,0
group_297434,tid_1594,turn_1,0,0,0,0,0
group_297434,tid_1594,turn_1,0,0,0,0,0
group_297434,tid_1594,turn_1,0,0,0,0,0
group_297434,tid_1594,turn_1,0,0,0,0,0
group_297434,tid_1594,turn_1,0,0,0,0,0
group_297434,tid_1594,turn_1,0,0,0,0,0
group_297434,tid_1594,turn_1,0,0,0,0,0
group_297434,tid_1594,turn_1,0,0,0,0,0
group_297434,tid_1594,turn_1,0,0,0,0,0
group_297434,tid_1594,turn_1,0,0,0,0,0
group_297434,tid_1594,turn_1,0,0,0,0,0
group_297434,tid_1594,turn_1,0,0,0,0,0
group_297434,tid_1594,turn_1,0,0,0,0,0
group_297434,tid_1594,turn_1,0,0,0,0,0
group_297434,tid_1594,turn_1,0,0,0,0,0
group_297434,tid_1594,turn_1,0,0,0,0,0
group_297434,tid_7544,turn_2,0,0,0,0,0
group_33172,tid_5905,turn_1,0,0,0,0,0
group_33172,tid_3298,turn_2,0,0,0,0,0
group_34221,tid_784,turn_1,0,0,0,0,0
group_34221,tid_784,turn_1,0,0,0,0,0
group_34221,tid_784,turn_1,0,0,0,0,0
group_34221,tid_784,turn_1,0,0,0,0,0
group_34221,tid_938,turn_2,0,0,0,0,0
group_34221,tid_4345,turn_3,0,0,0,0,0
group_34221,tid_4345,turn_3,0,0,0,0,0
group_34221,tid_4345,turn_3,0,0,0,0,0
group_34221,tid_4345,turn_3,0,0,0,0,0
group_34221,tid_4345,turn_3,0,0,1,0,0
group_34221,tid_2930,turn_4,0,0,0,0,0
group_34221,tid_2930,turn_4,0,0,0,0,0
group_34221,tid_2930,turn_4,0,0,0,0,0
group_34221,tid_4928,turn_5,1,1,1,1,1
group_34221,tid_4928,turn_5,0,0,0,0,0
group_34221,tid_4928,turn_5,1,1,0,1,1
group_34221,tid_4928,turn_5,0,0,0,0,0
group_34383,tid_1121,turn_1,0,0,0,0,0
group_34383,tid_1121,turn_1,0,0,0,0,0
group_34383,tid_1121,turn_1,0,0,0,0,0
group_34383,tid_1121,turn_1,0,0,0,0,0
group_34383,tid_1121,turn_1,0,0,0,0,0
group_34383,tid_1121,turn_1,0,0,0,0,0
group_34383,tid_1121,turn_1,0,0,0,0,0
group_34383,tid_6576,turn_2,0,0,0,0,0
group_37620,tid_4190,turn_1,0,0,0,0,0
group_37620,tid_4190,turn_1,0,0,0,0,0
group_37620,tid_101,turn_2,0,0,0,0,0
group_37620,tid_1988,turn_3,0,0,0,0,0
group_47480,tid_3637,turn_1,0,0,0,0,0
group_47480,tid_1590,turn_2,0,0,0,0,0
group_48193,tid_100,turn_1,0,0,0,0,0
group_48193,tid_1940,turn_2,0,0,0,0,0
group_48193,tid_1940,turn_2,0,0,0,0,0
group_48193,tid_1940,turn_2,1,1,1,1,1
group_48193,tid_7080,turn_3,1,1,0,0,1
group_48193,tid_7080,turn_3,0,0,0,0,0
group_48193,tid_6852,turn_4,1,1,1,1,1
group_48193,tid_6852,turn_4,0,0,0,0,0
group_48193,tid_1572,turn_5,1,1,1,1,1
group_48193,tid_1572,turn_5,0,0,0,0,0
group_48193,tid_1572,turn_5,0,0,0,0,0
group_48193,tid_7767,turn_6,0,0,0,0,0
group_50490,tid_2738,turn_1,0,0,0,0,0
group_50490,tid_801,turn_2,0,0,0,0,0
group_50490,tid_801,turn_2,0,0,0,0,0
group_56710,tid_4389,turn_1,0,0,0,0,0
group_56710,tid_1707,turn_2,0,0,0,0,0
group_57882,tid_140,turn_1,0,0,0,0,0
group_57882,tid_267,turn_2,0,0,0,0,0
group_62342,tid_5467,turn_1,0,0,0,0,0
group_62342,tid_2650,turn_2,0,0,0,0,0
group_63601,tid_7484,turn_1,0,0,0,0,0
group_63601,tid_7484,turn_1,0,0,0,0,0
group_63601,tid_7484,turn_1,0,0,0,0,0
group_63601,tid_955,turn_2,0,0,0,0,0
group_63601,tid_955,turn_2,0,0,0,0,0
group_63601,tid_955,turn_2,0,0,0,0,0
group_63601,tid_955,turn_2,0,0,0,0,0
group_63601,tid_955,turn_2,0,0,0,0,0
group_63601,tid_955,turn_2,0,0,0,0,0
group_63601,tid_955,turn_2,0,0,0,0,0
group_63601,tid_955,turn_2,0,0,0,0,0
group_63601,tid_1577,turn_3,0,0,0,0,0
group_63601,tid_1577,turn_3,0,0,0,0,0
group_65720,tid_5247,turn_1,0,0,0,0,0
group_65720,tid_5247,turn_1,0,0,0,0,0
group_65720,tid_5247,turn_1,0,0,0,0,0
group_65720,tid_5247,turn_1,1,1,1,1,1
group_65720,tid_5247,turn_1,0,0,0,0,0
group_65720,tid_6,turn_2,0,0,0,0,0
group_65720,tid_7013,turn_3,0,0,0,0,0
group_65720,tid_7013,turn_3,0,0,0,0,0
group_65720,tid_7013,turn_3,0,0,0,0,0
group_65720,tid_7013,turn_3,0,0,0,0,0
group_65720,tid_7013,turn_3,0,0,0,0,0
group_67400,tid_4972,turn_1,0,0,0,0,0
group_67400,tid_3961,turn_2,0,0,0,0,0
group_67400,tid_3961,turn_2,0,0,0,0,0
group_67400,tid_3961,turn_2,0,0,0,0,0
group_77873,tid_3942,turn_1,0,0,0,0,0
group_77873,tid_3942,turn_1,0,0,0,0,0
group_77873,tid_3942,turn_1,0,0,0,0,0
group_77873,tid_3942,turn_1,0,0,0,0,0
group_77873,tid_3942,turn_1,0,0,0,0,0
group_77873,tid_3942,turn_1,0,0,0,0,0
group_77873,tid_3942,turn_1,1,1,1,1,0
group_77873,tid_3942,turn_1,0,0,0,0,0
group_77873,tid_3942,turn_1,0,0,0,0,0
group_77873,tid_3942,turn_1,0,0,0,0,0
group_77873,tid_3326,turn_2,0,0,0,0,0
group_77873,tid_220,turn_3,0,0,0,0,0
group_78430,tid_3305,turn_1,0,0,0,0,0
group_78430,tid_3560,turn_2,0,0,0,0,0
group_78430,tid_3560,turn_2,0,0,0,0,0
group_78430,tid_3560,turn_2,0,0,0,0,0
group_78430,tid_3560,turn_2,0,0,0,0,0
group_78721,tid_6948,turn_1,0,0,0,0,0
group_78721,tid_4047,turn_2,0,0,0,0,0
group_81320,tid_4268,turn_1,0,0,0,0,0
group_85731,tid_3047,turn_1,0,0,0,0,0
group_85731,tid_3047,turn_1,0,0,0,0,0
group_85731,tid_3047,turn_1,0,0,0,0,0
group_85731,tid_3047,turn_1,0,0,0,0,0
group_85731,tid_3047,turn_1,0,0,0,0,0
group_85731,tid_3047,turn_1,0,0,0,0,0
group_85731,tid_3047,turn_1,0,0,0,0,0
group_85731,tid_3047,turn_1,0,0,0,0,0
group_85731,tid_3047,turn_1,0,0,0,0,0
group_85731,tid_5010,turn_2,0,0,0,0,0
group_85731,tid_5010,turn_2,0,0,0,0,0
group_85731,tid_5010,turn_2,0,0,0,0,0
group_85731,tid_5010,turn_2,0,1,0,0,0
group_85731,tid_5010,turn_2,0,0,0,0,0
group_85731,tid_5010,turn_2,0,0,0,0,0
group_85731,tid_5010,turn_2,0,0,0,0,0
group_85731,tid_5010,turn_2,0,0,0,0,0
group_85731,tid_5010,turn_2,0,0,0,0,0
group_85731,tid_5010,turn_2,0,0,0,0,0
group_85731,tid_5010,turn_2,0,0,0,0,0
group_85731,tid_5010,turn_2,0,0,0,0,0
group_86730,tid_2944,turn_1,0,0,0,0,0
group_94340,tid_580,turn_1,0,0,0,0,0
group_94340,tid_4452,turn_2,0,0,0,0,0
group_94340,tid_4452,turn_2,0,0,0,0,0
group_94340,tid_4625,turn_3,0,0,0,0,0
group_97490,tid_4020,turn_1,0,0,0,0,0
group_98820,tid_5090,turn_1,0,0,0,0,0
group_98820,tid_1055,turn_2,0,0,0,0,0
group_98820,tid_1055,turn_2,0,0,0,0,0
group_98820,tid_1055,turn_2,0,0,0,0,0
group_98820,tid_1055,turn_2,0,0,0,0,0
Wiki106693,tid_901,turn_1,0,0,0,0,0
Wiki106693,tid_610,turn_2,0,0,0,0,0
Wiki10855,tid_5888,turn_1,0,0,0,0,0
Wiki10855,tid_5888,turn_1,0,0,0,0,0
Wiki10855,tid_5888,turn_1,0,0,0,0,0
Wiki10855,tid_5888,turn_1,0,0,0,0,0
Wiki10855,tid_5888,turn_1,0,0,0,0,0
Wiki10855,tid_5888,turn_1,0,0,0,0,0
Wiki10855,tid_7357,turn_2,0,0,0,0,0
Wiki10855,tid_7357,turn_2,0,0,0,0,0
Wiki10855,tid_7357,turn_2,0,0,0,0,0
Wiki144894,tid_2587,turn_1,0,0,0,0,0
Wiki144894,tid_2587,turn_1,0,0,0,0,0
Wiki144894,tid_2587,turn_1,1,1,1,1,1
Wiki144894,tid_4707,turn_2,0,0,0,0,0
Wiki144894,tid_4707,turn_2,0,0,0,0,0
Wiki144894,tid_4707,turn_2,0,0,0,0,0
Wiki153375,tid_1298,turn_1,0,0,0,0,0
Wiki153375,tid_1298,turn_1,1,1,1,1,1
Wiki153375,tid_5143,turn_2,0,0,0,0,0
Wiki153375,tid_5143,turn_2,0,0,0,0,0
Wiki153375,tid_5143,turn_2,0,0,0,0,0
Wiki153375,tid_6223,turn_3,1,1,1,1,1
Wiki153375,tid_6223,turn_3,0,0,0,0,0
Wiki153375,tid_3057,turn_5,0,0,0,0,0
Wiki153375,tid_6578,turn_6,0,0,0,0,0
Wiki153375,tid_6578,turn_6,0,0,0,0,0
Wiki15795,tid_1441,turn_1,0,0,0,0,0
Wiki15795,tid_1441,turn_1,0,0,0,0,0
Wiki15795,tid_7248,turn_2,0,0,0,0,0
Wiki15795,tid_7248,turn_2,0,0,0,0,0
Wiki158955,tid_1044,turn_2,0,0,0,0,0
Wiki158955,tid_1044,turn_2,0,0,0,0,0
Wiki158955,tid_1044,turn_2,0,0,0,0,0
Wiki158955,tid_1044,turn_2,0,0,0,0,0
Wiki158955,tid_1044,turn_2,0,0,0,0,0
Wiki166686,tid_7581,turn_1,0,0,0,0,0
Wiki166686,tid_1409,turn_2,0,0,0,0,0
Wiki166686,tid_1409,turn_2,0,0,0,0,0
Wiki166686,tid_1409,turn_2,0,0,0,0,0
Wiki166686,tid_1409,turn_2,0,0,0,0,0
Wiki166686,tid_1409,turn_2,0,0,0,0,0
Wiki166686,tid_1409,turn_2,0,0,0,0,0
Wiki171802,tid_7247,turn_1,0,0,0,0,0
Wiki171802,tid_7247,turn_1,0,0,0,0,0
Wiki171802,tid_3659,turn_2,0,0,0,0,0
Wiki171802,tid_3659,turn_2,0,0,0,0,0
Wiki179646,tid_6002,turn_1,0,0,0,0,0
Wiki179646,tid_6002,turn_1,0,0,0,0,0
Wiki179646,tid_6002,turn_1,0,0,0,0,0
Wiki179646,tid_2234,turn_2,0,0,0,0,0
Wiki179646,tid_2234,turn_2,0,0,0,0,0
Wiki179646,tid_2234,turn_2,0,0,0,0,0
Wiki179646,tid_2234,turn_2,0,0,0,0,0
Wiki183356,tid_4304,turn_1,0,0,0,0,0
Wiki183356,tid_4304,turn_1,0,0,0,0,0
Wiki183356,tid_4304,turn_1,0,0,0,0,0
Wiki183356,tid_4902,turn_2,0,0,0,0,0
Wiki183356,tid_4902,turn_2,0,0,0,0,0
Wiki238434,tid_6173,turn_2,0,0,0,0,0
Wiki243221,tid_3751,turn_1,0,0,0,0,0
Wiki243221,tid_3751,turn_1,0,0,0,0,0
Wiki243221,tid_3751,turn_1,0,0,0,0,0
Wiki243221,tid_3751,turn_1,0,0,0,0,0
Wiki243221,tid_3751,turn_1,0,0,0,0,0
Wiki243221,tid_3751,turn_1,0,0,0,0,0
Wiki246411,tid_5704,turn_2,0,0,0,0,0
Wiki246411,tid_5704,turn_2,0,0,0,0,0
Wiki246411,tid_5704,turn_2,0,0,0,0,0
Wiki247682,tid_6395,turn_1,0,0,0,0,0
Wiki247682,tid_6395,turn_1,0,0,0,0,0
Wiki247682,tid_6395,turn_1,0,0,0,0,0
Wiki247682,tid_6395,turn_1,0,0,0,0,0
Wiki247682,tid_6395,turn_1,0,0,0,0,0
Wiki247682,tid_7163,turn_2,0,1,1,1,0
Wiki247682,tid_7163,turn_2,0,0,0,0,0
Wiki247682,tid_7163,turn_2,0,0,0,0,0
Wiki262394,tid_1609,turn_1,0,0,0,0,0
Wiki262394,tid_1609,turn_1,0,0,0,0,0
Wiki262394,tid_1609,turn_1,0,0,0,0,0
Wiki262394,tid_1609,turn_1,1,0,0,0,0
Wiki262394,tid_1609,turn_1,0,0,0,0,0
Wiki262394,tid_1609,turn_1,0,0,0,0,0
Wiki262394,tid_6533,turn_2,1,1,1,1,1
Wiki262394,tid_6533,turn_2,0,0,0,0,0
Wiki262394,tid_6533,turn_2,0,0,0,0,0
Wiki262394,tid_6533,turn_2,1,1,1,1,1
Wiki262394,tid_6533,turn_2,0,0,0,0,0
Wiki270114,tid_564,turn_1,0,0,0,0,0
Wiki270114,tid_884,turn_2,0,0,0,0,0
Wiki270114,tid_884,turn_2,0,0,0,0,0
Wiki271535,tid_3854,turn_1,0,0,0,0,0
Wiki271535,tid_3854,turn_1,1,1,1,1,1
Wiki271535,tid_3854,turn_1,0,0,0,0,0
Wiki271535,tid_3854,turn_1,0,0,0,0,0
Wiki271535,tid_3854,turn_1,0,0,0,0,0
Wiki271535,tid_5977,turn_2,0,0,0,0,0
Wiki271703,tid_4985,turn_1,1,1,1,1,1
Wiki271703,tid_4985,turn_1,0,0,0,0,0
Wiki271703,tid_3349,turn_2,0,0,0,0,0
Wiki271703,tid_3349,turn_2,0,0,0,0,0
Wiki271703,tid_3349,turn_2,0,0,0,0,0
Wiki271703,tid_3349,turn_2,0,0,0,0,0
Wiki272109,tid_1474,turn_1,0,0,0,0,0
Wiki301124,tid_4162,turn_1,0,0,0,0,0
Wiki301124,tid_4162,turn_1,0,0,0,0,0
Wiki301124,tid_4162,turn_1,0,0,0,0,0
Wiki301124,tid_6703,turn_2,0,0,0,0,0
Wiki308935,tid_7714,turn_1,0,0,0,0,0
Wiki308935,tid_7714,turn_1,0,0,0,0,0
Wiki308935,tid_4942,turn_2,0,0,0,0,0
Wiki308935,tid_4942,turn_2,0,0,0,0,0
Wiki308935,tid_4942,turn_2,0,0,0,0,0
Wiki308935,tid_4942,turn_2,0,0,0,0,0
Wiki308935,tid_4942,turn_2,0,0,0,0,0
Wiki308935,tid_4942,turn_2,0,0,0,0,0
Wiki308935,tid_4942,turn_2,0,0,0,0,0
Wiki308935,tid_4942,turn_2,0,0,0,0,0
Wiki312211,tid_6896,turn_1,0,0,0,0,0
Wiki312211,tid_7174,turn_2,0,0,0,0,0
Wiki312211,tid_7174,turn_2,0,0,0,0,0
Wiki312211,tid_5188,turn_3,0,0,0,0,0
Wiki326058,tid_7485,turn_1,0,0,0,0,0
Wiki326058,tid_7485,turn_1,0,0,0,0,0
Wiki326058,tid_7485,turn_1,0,0,0,0,0
Wiki326058,tid_7485,turn_1,0,0,0,0,0
Wiki326058,tid_5663,turn_2,0,0,0,0,0
Wiki326058,tid_5663,turn_2,0,0,0,0,0
Wiki326058,tid_5663,turn_2,0,0,0,0,0
Wiki326058,tid_5663,turn_2,0,0,0,0,0
Wiki326058,tid_5663,turn_2,0,0,0,0,0
Wiki326058,tid_5663,turn_2,0,0,0,0,0
Wiki326058,tid_5663,turn_2,0,0,0,0,0
Wiki337268,tid_6963,turn_1,0,0,0,0,0
Wiki337268,tid_6963,turn_1,0,0,0,0,0
Wiki337268,tid_6963,turn_1,0,0,0,0,0
Wiki337268,tid_6963,turn_1,0,0,0,0,0
Wiki337268,tid_6963,turn_1,0,0,0,0,0
Wiki337268,tid_6963,turn_1,0,0,0,0,0
Wiki337268,tid_6963,turn_1,0,0,0,0,0
Wiki337268,tid_6963,turn_1,0,0,0,0,0
Wiki337268,tid_6963,turn_1,0,0,0,0,0
Wiki337268,tid_6340,turn_2,0,0,0,0,0
Wiki337268,tid_6340,turn_2,0,0,0,0,0
Wiki337268,tid_6340,turn_2,0,0,0,0,0
Wiki34673,tid_941,turn_1,0,0,0,0,0
Wiki34673,tid_941,turn_1,0,0,0,0,0
Wiki34673,tid_941,turn_1,0,0,0,0,0
Wiki34673,tid_693,turn_2,0,0,0,0,0
Wiki34673,tid_693,turn_2,0,0,0,0,0
Wiki34673,tid_693,turn_2,0,0,0,0,0
Wiki34673,tid_693,turn_2,0,0,0,0,0
Wiki34673,tid_693,turn_2,0,0,0,0,0
Wiki34673,tid_693,turn_2,0,0,0,0,0
Wiki34673,tid_693,turn_2,0,0,0,0,0
Wiki34673,tid_693,turn_2,0,0,0,0,0
Wiki34673,tid_693,turn_2,0,0,0,0,0
Wiki34673,tid_693,turn_2,0,0,0,0,0
Wiki356769,tid_4800,turn_1,0,0,0,0,0
Wiki356769,tid_4800,turn_1,0,0,0,0,0
Wiki356769,tid_4800,turn_1,0,0,0,0,0
Wiki356769,tid_4322,turn_2,0,0,0,0,0
Wiki356769,tid_4322,turn_2,0,0,0,0,0
Wiki356769,tid_4322,turn_2,0,0,0,0,0
Wiki356769,tid_4322,turn_2,0,0,0,0,0
Wiki356769,tid_2574,turn_3,0,0,0,0,0
Wiki356769,tid_1365,turn_4,0,0,0,0,0
Wiki356769,tid_1365,turn_4,0,0,0,0,0
Wiki359447,tid_387,turn_1,0,0,0,0,0
Wiki359447,tid_3105,turn_2,0,0,0,0,0
Wiki360516,tid_7278,turn_1,0,0,0,0,0
Wiki360516,tid_5653,turn_2,0,0,0,0,0
Wiki360516,tid_5653,turn_2,0,0,0,0,0
Wiki360516,tid_5653,turn_2,0,0,0,0,0
Wiki362517,tid_6451,turn_1,0,0,0,0,0
Wiki362517,tid_6451,turn_1,0,0,0,0,0
Wiki362517,tid_1666,turn_2,0,0,0,0,0
Wiki362517,tid_1666,turn_2,0,0,0,0,0
Wiki362517,tid_857,turn_3,1,1,1,1,1
Wiki362517,tid_5197,turn_4,1,0,1,1,0
Wiki366973,tid_2266,turn_1,0,0,0,0,0
Wiki366973,tid_2266,turn_1,0,0,0,0,0
Wiki366973,tid_2760,turn_2,0,0,0,0,0
Wiki366973,tid_2760,turn_2,0,0,0,0,0
Wiki3697,tid_4519,turn_1,0,0,0,0,0
Wiki3697,tid_4519,turn_1,0,0,0,0,0
Wiki3697,tid_4519,turn_1,0,0,0,0,0
Wiki3697,tid_4915,turn_2,0,0,0,0,0
Wiki3697,tid_4915,turn_2,0,0,0,0,0
Wiki3697,tid_4915,turn_2,0,0,0,0,0
Wiki3697,tid_4915,turn_2,0,0,0,0,0
Wiki3697,tid_4915,turn_2,0,0,0,0,0
Wiki3697,tid_6371,turn_3,1,1,1,1,1
Wiki3697,tid_6371,turn_3,0,0,0,0,0
Wiki3697,tid_6371,turn_3,0,0,0,0,0
Wiki3697,tid_6371,turn_3,1,1,1,1,1
Wiki3697,tid_1846,turn_4,1,1,1,1,1
Wiki3697,tid_1846,turn_4,1,0,0,0,0
Wiki379295,tid_793,turn_2,0,0,0,0,0
Wiki379295,tid_793,turn_2,0,0,0,0,0
Wiki379295,tid_7731,turn_3,0,0,0,0,0
Wiki379295,tid_7731,turn_3,0,0,0,0,0
Wiki379295,tid_7731,turn_3,0,0,0,0,0
Wiki379295,tid_4739,turn_4,0,0,0,0,0
Wiki379295,tid_4739,turn_4,0,0,0,0,0
Wiki379295,tid_4739,turn_4,0,0,0,0,0
Wiki379295,tid_355,turn_5,0,0,0,0,0
Wiki379295,tid_6590,turn_6,0,0,0,0,0
Wiki379295,tid_6590,turn_6,0,0,0,0,0
Wiki379295,tid_6590,turn_6,0,0,0,0,0
Wiki379969,tid_5289,turn_1,0,0,0,0,0
Wiki379969,tid_2784,turn_2,0,0,0,0,0
Wiki379969,tid_2784,turn_2,0,0,0,0,0
Wiki384743,tid_114,turn_1,0,0,0,0,0
Wiki384743,tid_114,turn_1,0,0,0,0,0
Wiki384743,tid_114,turn_1,0,0,0,0,0
Wiki384743,tid_114,turn_1,0,0,0,0,0
Wiki384743,tid_7742,turn_2,0,0,0,0,0
Wiki395882,tid_3530,turn_1,0,0,0,0,0
Wiki395882,tid_3530,turn_1,0,0,0,0,0
Wiki395882,tid_3530,turn_1,0,0,0,0,0
Wiki395882,tid_3530,turn_1,0,0,0,0,0
Wiki395882,tid_3530,turn_1,0,0,0,0,0
Wiki395882,tid_3530,turn_1,0,0,0,0,0
Wiki395882,tid_3530,turn_1,0,0,0,0,0
Wiki395882,tid_3530,turn_1,0,0,0,0,0
Wiki395882,tid_2304,turn_2,0,0,0,0,0
Wiki400475,tid_6686,turn_1,0,0,0,0,0
Wiki400475,tid_6686,turn_1,1,1,1,1,1
Wiki400475,tid_6686,turn_1,0,0,0,0,0
Wiki400475,tid_6686,turn_1,0,0,0,0,0
Wiki400475,tid_6686,turn_1,0,0,0,0,0
Wiki400475,tid_6686,turn_1,0,0,0,0,0
Wiki400475,tid_3236,turn_2,0,0,0,1,1
Wiki400475,tid_3236,turn_2,0,0,0,0,0
Wiki400475,tid_3236,turn_2,1,1,1,0,1
Wiki400475,tid_3236,turn_2,0,0,0,0,0
Wiki400475,tid_3236,turn_2,0,0,0,0,0
Wiki400475,tid_3236,turn_2,0,0,0,0,0
Wiki400475,tid_3236,turn_2,0,0,0,0,0
Wiki425617,tid_1460,turn_1,0,0,0,0,0
Wiki425617,tid_1460,turn_1,0,0,0,0,0
Wiki425617,tid_1460,turn_1,0,0,0,0,0
Wiki425617,tid_1460,turn_1,0,0,0,0,0
Wiki425617,tid_1460,turn_1,0,0,0,0,0
Wiki425617,tid_1460,turn_1,0,0,0,0,0
Wiki425617,tid_761,turn_2,0,0,0,0,0
Wiki43790,tid_7410,turn_1,0,0,0,0,0
Wiki43790,tid_7410,turn_1,0,0,0,0,0
Wiki43790,tid_7410,turn_1,0,0,0,0,0
Wiki43790,tid_4487,turn_2,0,0,0,0,0
Wiki43790,tid_4487,turn_2,0,0,0,0,0
Wiki43790,tid_4487,turn_2,0,0,0,0,0
Wiki447418,tid_468,turn_1,0,0,0,0,0
Wiki447418,tid_7785,turn_2,0,0,0,0,0
Wiki447418,tid_7785,turn_2,0,0,0,0,0
Wiki447418,tid_7785,turn_2,0,0,0,0,0
Wiki447418,tid_7785,turn_2,1,1,1,1,1
Wiki450375,tid_6307,turn_1,0,0,0,0,0
Wiki450375,tid_6307,turn_1,0,0,0,0,0
Wiki450375,tid_2229,turn_2,0,0,0,0,0
Wiki450375,tid_200,turn_3,1,0,1,1,1
Wiki450375,tid_200,turn_3,0,0,0,0,0
Wiki458318,tid_1060,turn_2,1,1,1,1,1
Wiki458318,tid_1060,turn_2,0,0,0,0,0
Wiki458762,tid_6200,turn_1,0,0,0,0,0
Wiki458762,tid_6200,turn_1,0,0,0,0,0
Wiki458762,tid_7179,turn_2,0,0,0,0,0
Wiki463640,tid_3207,turn_1,0,0,0,0,0
Wiki463640,tid_3207,turn_1,0,0,0,0,0
Wiki463640,tid_381,turn_2,0,0,0,0,0
Wiki46420,tid_6417,turn_1,0,0,0,0,0
Wiki46420,tid_6417,turn_1,0,0,0,0,0
Wiki46420,tid_6417,turn_1,0,0,0,0,0
Wiki46420,tid_6417,turn_1,0,0,0,0,0
Wiki46420,tid_6417,turn_1,0,0,0,0,0
Wiki46420,tid_6417,turn_1,0,0,0,0,0
Wiki46420,tid_3856,turn_2,0,0,0,0,0
Wiki475317,tid_636,turn_1,1,1,1,1,1
Wiki475317,tid_128,turn_2,0,0,0,0,0
Wiki476244,tid_5647,turn_1,0,0,0,0,0
Wiki476244,tid_5647,turn_1,0,0,0,0,0
Wiki476244,tid_7883,turn_2,0,0,0,0,0
Wiki476244,tid_4657,turn_3,0,0,0,0,0
Wiki476244,tid_4657,turn_3,0,0,0,0,0
Wiki476244,tid_4657,turn_3,0,0,0,0,0
Wiki476244,tid_1107,turn_4,0,0,0,0,0
Wiki476244,tid_1107,turn_4,0,0,0,1,0
Wiki495262,tid_2482,turn_1,0,0,0,0,0
Wiki495262,tid_1475,turn_2,0,0,0,0,0
Wiki495262,tid_1475,turn_2,0,0,0,0,0
Wiki495262,tid_1475,turn_2,0,0,0,0,0
Wiki495262,tid_1475,turn_2,0,0,0,0,0
Wiki495262,tid_4764,turn_4,0,0,0,0,0
Wiki507618,tid_4075,turn_1,0,0,0,0,0
Wiki507618,tid_4075,turn_1,0,0,0,0,0
Wiki507618,tid_7055,turn_2,0,0,0,0,0
Wiki507618,tid_7055,turn_2,0,0,0,0,0
Wiki507618,tid_7055,turn_2,0,0,0,0,0
Wiki519658,tid_7273,turn_1,0,0,0,0,0
Wiki519658,tid_7273,turn_1,0,0,0,0,0
Wiki519658,tid_7273,turn_1,0,0,0,0,0
Wiki519658,tid_2502,turn_2,0,0,0,0,0
Wiki519658,tid_2502,turn_2,1,0,1,0,1
Wiki522062,tid_2031,turn_1,0,0,0,0,0
Wiki522062,tid_2031,turn_1,0,0,0,0,0
Wiki522062,tid_2031,turn_1,1,0,1,0,0
Wiki522062,tid_2031,turn_1,0,0,0,0,0
Wiki522062,tid_2031,turn_1,0,0,0,0,0
Wiki522062,tid_99,turn_2,0,0,0,0,0
Wiki522062,tid_99,turn_2,0,0,0,0,0
Wiki527108,tid_5887,turn_1,0,0,0,0,0
Wiki527108,tid_5887,turn_1,0,0,0,0,0
Wiki527108,tid_5887,turn_1,0,0,0,0,0
Wiki527108,tid_3097,turn_2,0,0,0,0,0
Wiki527108,tid_3097,turn_2,0,0,0,0,0
Wiki527108,tid_3097,turn_2,0,0,0,0,0
Wiki527108,tid_3097,turn_2,0,0,0,0,0
Wiki527108,tid_3097,turn_2,0,0,0,0,0
Wiki527108,tid_3097,turn_2,0,0,0,0,0
Wiki529710,tid_3318,turn_1,0,0,0,0,0
Wiki529710,tid_3318,turn_1,0,0,0,0,0
Wiki529710,tid_3318,turn_1,0,0,0,0,0
Wiki529710,tid_3313,turn_2,0,0,0,0,0
Wiki529710,tid_3313,turn_2,0,0,0,0,0
Wiki536466,tid_2504,turn_1,0,0,0,0,0
Wiki536466,tid_2504,turn_1,0,0,0,0,0
Wiki536466,tid_2504,turn_1,0,0,0,0,0
Wiki536466,tid_2504,turn_1,0,0,0,0,0
Wiki536466,tid_2504,turn_1,0,0,0,0,0
Wiki536466,tid_2504,turn_1,0,0,0,0,0
Wiki536466,tid_2504,turn_1,0,0,0,0,0
Wiki536466,tid_3454,turn_2,0,0,0,0,0
Wiki536466,tid_3454,turn_2,0,0,0,0,0
Wiki536466,tid_3454,turn_2,0,0,0,0,0
Wiki536466,tid_4597,turn_3,0,0,0,0,0
Wiki536466,tid_4597,turn_3,0,0,0,0,0
Wiki536466,tid_4597,turn_3,0,0,0,0,0
Wiki536466,tid_4597,turn_3,0,0,0,0,0
Wiki536466,tid_7096,turn_4,0,0,0,0,0
Wiki536466,tid_7096,turn_4,0,0,0,0,0
Wiki536466,tid_7096,turn_4,0,0,0,0,0
Wiki536466,tid_7096,turn_4,0,0,0,0,0
Wiki536466,tid_3474,turn_5,0,0,0,0,0
Wiki536466,tid_3474,turn_5,0,0,0,0,0
Wiki536466,tid_3474,turn_5,0,0,0,0,0
Wiki536618,tid_187,turn_1,1,1,1,1,1
Wiki536618,tid_187,turn_1,0,0,0,0,0
Wiki536618,tid_187,turn_1,0,0,0,0,0
Wiki536618,tid_187,turn_1,0,0,0,0,0
Wiki536618,tid_1919,turn_2,0,0,0,0,0
Wiki536618,tid_462,turn_3,0,0,0,0,0
Wiki536618,tid_462,turn_3,0,0,0,0,0
Wiki536618,tid_5918,turn_4,0,0,0,0,0
Wiki536618,tid_5918,turn_4,0,0,0,0,0
Wiki536618,tid_1201,turn_5,0,0,0,0,0
Wiki536618,tid_1201,turn_5,1,1,1,0,1
Wiki536618,tid_1201,turn_5,0,0,0,0,0
Wiki536618,tid_2793,turn_6,0,0,0,0,0
Wiki536618,tid_2793,turn_6,0,0,0,0,0
Wiki536618,tid_2793,turn_6,0,0,0,0,0
Wiki536618,tid_2793,turn_6,0,0,0,0,0
Wiki537266,tid_811,turn_1,0,0,0,0,0
Wiki537266,tid_811,turn_1,0,0,0,0,0
Wiki537266,tid_1826,turn_2,0,0,0,0,0
Wiki537266,tid_1826,turn_2,0,0,0,0,0
Wiki537266,tid_5754,turn_3,0,0,0,0,0
Wiki537266,tid_5754,turn_3,0,0,0,0,0
Wiki543458,tid_3237,turn_1,0,0,0,0,0
Wiki543458,tid_4435,turn_2,0,0,0,0,0
Wiki543458,tid_4435,turn_2,0,0,0,0,0
Wiki543458,tid_4435,turn_2,0,0,0,0,0
Wiki543458,tid_3048,turn_3,0,0,0,0,0
Wiki543458,tid_3048,turn_3,0,0,0,0,0
Wiki543458,tid_780,turn_4,0,0,0,0,0
Wiki543458,tid_3543,turn_5,0,0,0,0,0
Wiki543458,tid_3543,turn_5,0,0,0,0,0
Wiki543458,tid_3543,turn_5,0,0,0,0,0
Wiki543458,tid_3254,turn_6,0,0,0,0,0
Wiki543458,tid_3254,turn_6,0,0,0,0,0
Wiki543684,tid_7534,turn_1,0,0,0,0,0
Wiki543684,tid_7534,turn_1,0,0,0,0,0
Wiki543684,tid_4472,turn_3,0,0,0,0,0
Wiki543684,tid_4472,turn_3,0,0,0,0,0
Wiki543684,tid_4372,turn_4,0,0,0,0,0
Wiki543684,tid_4372,turn_4,0,0,0,0,0
Wiki543684,tid_4372,turn_4,0,0,0,0,0
Wiki543684,tid_4372,turn_4,0,0,0,0,0
Wiki543684,tid_4372,turn_4,0,0,0,0,0
Wiki543684,tid_4372,turn_4,0,0,0,0,0
Wiki543684,tid_3891,turn_5,0,0,0,0,0
Wiki543684,tid_3224,turn_6,0,0,0,0,0
Wiki543684,tid_3224,turn_6,0,0,0,0,0
Wiki543684,tid_7453,turn_7,0,0,0,0,0
Wiki553641,tid_4743,turn_1,0,0,0,0,0
Wiki553641,tid_4743,turn_1,0,0,1,0,0
Wiki553641,tid_4743,turn_1,0,0,0,0,0
Wiki553641,tid_4743,turn_1,0,0,0,0,0
Wiki553641,tid_4743,turn_1,0,0,0,0,0
Wiki553641,tid_4743,turn_1,0,0,0,0,0
Wiki553641,tid_4743,turn_1,0,0,0,0,0
Wiki553641,tid_2607,turn_2,0,0,0,0,0
Wiki561795,tid_6740,turn_1,0,0,0,0,0
Wiki561795,tid_6740,turn_1,0,0,0,0,0
Wiki561795,tid_6740,turn_1,0,0,0,0,0
Wiki561795,tid_6740,turn_1,0,0,0,0,0
Wiki561795,tid_6740,turn_1,0,0,0,0,0
Wiki561795,tid_3059,turn_2,0,0,0,0,0
Wiki561795,tid_3059,turn_2,1,1,1,1,0
Wiki561795,tid_3059,turn_2,1,1,1,1,1
Wiki561795,tid_7626,turn_3,0,0,0,0,0
Wiki561795,tid_7626,turn_3,0,0,0,0,0
Wiki561795,tid_7626,turn_3,0,0,0,0,0
Wiki561795,tid_7626,turn_3,0,0,0,0,0
Wiki561795,tid_7626,turn_3,0,0,0,0,0
Wiki561795,tid_7626,turn_3,0,0,0,0,0
Wiki561795,tid_7626,turn_3,0,0,0,0,0
Wiki561795,tid_7626,turn_3,0,0,0,0,0
Wiki561795,tid_5655,turn_4,1,1,1,1,1
Wiki561795,tid_5655,turn_4,0,0,0,0,0
Wiki561795,tid_5655,turn_4,0,0,0,0,0
Wiki561795,tid_5655,turn_4,1,0,0,1,0
Wiki561795,tid_7266,turn_5,0,0,0,0,0
Wiki561795,tid_7266,turn_5,0,0,0,0,0
Wiki561795,tid_7266,turn_5,0,0,0,0,0
Wiki561795,tid_1205,turn_6,0,0,0,0,0
Wiki561795,tid_1205,turn_6,0,0,0,0,0
Wiki564140,tid_5645,turn_1,0,0,0,0,0
Wiki564140,tid_5645,turn_1,0,0,0,0,0
Wiki564140,tid_5645,turn_1,0,0,0,0,0
Wiki564140,tid_5645,turn_1,0,0,0,0,0
Wiki564140,tid_5021,turn_2,1,1,1,0,1
Wiki564140,tid_5021,turn_2,0,0,0,0,0
Wiki564140,tid_5021,turn_2,0,0,0,0,0
Wiki564140,tid_5021,turn_2,0,0,0,0,0
Wiki564140,tid_5021,turn_2,0,0,0,0,0
Wiki567567,tid_1396,turn_1,0,0,0,0,0
Wiki567567,tid_1396,turn_1,0,0,0,0,0
Wiki567567,tid_1396,turn_1,0,0,0,0,0
Wiki567567,tid_398,turn_2,0,0,0,0,0
Wiki567567,tid_3756,turn_3,1,1,1,1,0
Wiki567567,tid_3756,turn_3,0,0,0,0,0
Wiki567567,tid_5640,turn_4,1,1,1,1,0
Wiki567567,tid_5640,turn_4,0,0,0,0,0
Wiki567567,tid_5640,turn_4,0,0,0,0,0
Wiki567567,tid_5640,turn_4,0,0,0,0,0
Wiki583717,tid_5543,turn_1,0,0,0,0,0
Wiki583717,tid_5543,turn_1,0,0,0,0,0
Wiki583717,tid_5543,turn_1,0,0,1,0,1
Wiki583717,tid_4652,turn_2,0,0,0,0,0
Wiki583717,tid_4652,turn_2,0,0,0,0,0
Wiki583717,tid_4652,turn_2,0,0,0,0,0
Wiki583717,tid_2820,turn_3,0,0,0,0,0
Wiki583717,tid_2820,turn_3,0,0,0,0,0
Wiki583717,tid_3995,turn_4,0,0,0,0,0
Wiki583717,tid_3995,turn_4,0,0,0,0,0
Wiki583717,tid_3995,turn_4,0,0,0,0,0
Wiki583717,tid_3995,turn_4,0,0,0,0,0
Wiki583717,tid_3995,turn_4,0,0,0,0,0
Wiki583717,tid_3995,turn_4,0,0,0,0,0
Wiki589875,tid_3618,turn_1,0,0,0,0,0
Wiki589875,tid_3618,turn_1,0,0,0,0,0
Wiki589875,tid_3618,turn_1,0,0,0,0,0
Wiki589875,tid_3618,turn_1,0,0,0,0,0
Wiki589875,tid_3618,turn_1,0,0,0,0,0
Wiki589875,tid_3618,turn_1,0,0,0,0,0
Wiki589875,tid_6770,turn_2,1,0,0,1,0
Wiki594274,tid_7852,turn_1,0,0,0,0,0
Wiki594274,tid_7852,turn_1,0,0,0,0,0
Wiki594274,tid_7852,turn_1,0,0,0,0,0
Wiki594274,tid_7323,turn_2,0,0,0,0,0
Wiki594274,tid_7323,turn_2,0,0,0,0,0
Wiki594274,tid_5610,turn_3,1,1,1,1,1
Wiki594274,tid_5610,turn_3,1,0,1,1,1
Wiki594274,tid_5610,turn_3,0,0,0,0,0
Wiki596741,tid_2264,turn_1,0,0,0,0,0
Wiki596741,tid_2264,turn_1,0,0,0,0,0
Wiki596741,tid_2264,turn_1,0,0,0,0,0
Wiki596741,tid_2264,turn_1,0,0,0,0,0
Wiki596741,tid_2264,turn_1,0,0,0,0,0
Wiki596741,tid_4607,turn_2,0,0,0,0,0
Wiki596741,tid_4607,turn_2,0,0,0,0,0
Wiki596741,tid_4607,turn_2,0,0,0,0,0
Wiki618311,tid_2137,turn_1,0,0,0,0,0
Wiki618311,tid_2137,turn_1,0,0,0,0,0
Wiki618311,tid_2207,turn_2,0,0,0,0,0
Wiki618311,tid_2207,turn_2,0,0,0,0,0
Wiki618311,tid_2207,turn_2,0,0,0,0,0
Wiki618311,tid_2207,turn_2,0,0,0,0,0
Wiki618311,tid_2207,turn_2,0,0,0,0,0
Wiki618311,tid_2207,turn_2,0,0,0,0,0
Wiki618311,tid_2207,turn_2,0,0,0,0,0
Wiki618311,tid_2207,turn_2,1,0,0,0,0
Wiki618311,tid_2207,turn_2,0,0,0,0,0
Wiki618311,tid_2207,turn_2,0,0,0,0,0
Wiki618311,tid_3063,turn_3,0,0,0,0,0
Wiki618311,tid_3063,turn_3,0,0,0,0,0
Wiki618311,tid_3063,turn_3,0,0,0,0,0
Wiki65078,tid_5111,turn_1,0,0,0,0,0
Wiki65078,tid_5111,turn_1,0,0,0,0,0
Wiki65078,tid_5111,turn_1,0,0,0,0,0
Wiki65078,tid_5111,turn_1,0,0,0,0,0
Wiki65078,tid_1247,turn_2,0,0,0,0,0
Wiki65078,tid_1247,turn_2,0,0,0,0,0
Wiki69387,tid_2807,turn_1,0,0,0,0,0
Wiki69387,tid_2807,turn_1,0,0,0,0,0
Wiki69387,tid_2807,turn_1,0,0,0,0,0
Wiki69387,tid_2807,turn_1,0,0,0,0,0
Wiki69387,tid_777,turn_2,0,0,0,0,0
Wiki73937,tid_3260,turn_1,0,0,0,0,0
Wiki73937,tid_7349,turn_2,1,1,1,1,1
Wiki73937,tid_7349,turn_2,1,1,0,1,0
Wiki73937,tid_7349,turn_2,0,0,0,0,0
Wiki73937,tid_7349,turn_2,0,0,0,0,0
Wiki83165,tid_5003,turn_1,0,0,0,0,0
Wiki83165,tid_6236,turn_2,0,0,0,0,0
Wiki86383,tid_926,turn_3,0,0,0,0,0
Wiki86383,tid_926,turn_3,0,0,0,0,0
Wiki86383,tid_926,turn_3,0,0,0,0,0
Wiki86383,tid_926,turn_3,0,0,0,0,0
Wiki86383,tid_4534,turn_4,0,0,0,0,0
Wiki86383,tid_4534,turn_4,0,0,0,0,0
Wiki89493,tid_4539,turn_1,0,0,0,0,0
Wiki89493,tid_3567,turn_2,0,0,0,0,0
Wiki89493,tid_3567,turn_2,0,0,0,0,0
Wiki89493,tid_3567,turn_2,0,0,0,0,0
Wiki89493,tid_3567,turn_2,0,0,0,0,0
Wiki93155,tid_1119,turn_1,0,0,0,0,0
Wiki93155,tid_1119,turn_1,0,0,0,0,0
Wiki93155,tid_2866,turn_2,1,1,1,1,1
Wiki93155,tid_2866,turn_2,0,0,0,0,0
Wiki96215,tid_6617,turn_1,0,0,0,0,0
Wiki96215,tid_6617,turn_1,0,0,0,0,0
Wiki96215,tid_6617,turn_1,0,0,0,0,0
Wiki96215,tid_6617,turn_1,0,0,0,0,0
Wiki96215,tid_4678,turn_2,0,0,0,0,0
Wiki96215,tid_4678,turn_2,0,0,0,0,0
Twitter_g_104388,tid_7120,turn_1,0,0,0,0,0
Twitter_g_104388,tid_7120,turn_1,0,0,0,0,0
Twitter_g_104388,tid_3803,turn_2,0,0,0,0,0
Twitter_g_104388,tid_3803,turn_2,0,0,0,0,0
Twitter_g_104388,tid_257,turn_3,0,0,0,0,0
Twitter_g_104388,tid_257,turn_3,0,0,0,0,0
Twitter_g_104388,tid_618,turn_4,0,0,0,0,0
Twitter_g_104388,tid_618,turn_4,0,0,0,0,0
Twitter_g_104388,tid_618,turn_4,0,0,0,0,0
Twitter_g_117296,tid_6211,turn_1,0,0,0,0,0
Twitter_g_117296,tid_6211,turn_1,0,0,0,0,0
Twitter_g_117296,tid_798,turn_2,0,0,0,0,0
Twitter_g_1500,tid_1288,turn_1,0,0,0,0,0
Twitter_g_1500,tid_29,turn_2,0,0,0,0,0
Twitter_g_1500,tid_29,turn_2,0,0,0,0,0
Twitter_g_1500,tid_6821,turn_4,0,0,0,0,0
Twitter_g_1500,tid_6821,turn_4,0,0,0,0,0
Twitter_g_173837,tid_2442,turn_4,0,0,0,0,0
Twitter_g_179678,tid_5168,turn_1,0,0,0,0,0
Twitter_g_179678,tid_5168,turn_1,0,0,0,0,0
Twitter_g_179678,tid_1411,turn_2,0,0,0,0,0
Twitter_g_179678,tid_1411,turn_2,0,0,0,0,0
Twitter_g_179678,tid_1411,turn_2,0,0,0,0,0
Twitter_g_179678,tid_4486,turn_3,0,0,0,0,0
Twitter_g_179678,tid_4976,turn_4,0,0,0,0,0
Twitter_g_179678,tid_4976,turn_4,0,0,0,0,0
Twitter_g_190370,tid_1099,turn_1,0,0,0,0,0
Twitter_g_190370,tid_1099,turn_1,0,0,0,0,0
Twitter_g_190370,tid_2897,turn_2,0,0,0,0,0
Twitter_g_190370,tid_2897,turn_2,1,0,1,1,0
Twitter_g_190370,tid_2897,turn_2,0,0,0,0,0
Twitter_g_190370,tid_2897,turn_2,0,0,0,0,0
Twitter_g_193475,tid_652,turn_1,0,0,0,0,0
Twitter_g_193475,tid_89,turn_2,0,0,0,0,0
Twitter_g_193475,tid_89,turn_2,0,0,0,0,0
Twitter_g_205012,tid_1508,turn_1,0,0,0,0,0
Twitter_g_205012,tid_5012,turn_2,0,0,0,0,0
Twitter_g_205012,tid_5012,turn_2,0,0,0,0,0
Twitter_g_205012,tid_5012,turn_2,0,0,0,0,0
Twitter_g_205012,tid_5675,turn_3,0,0,0,0,0
Twitter_g_205012,tid_5675,turn_3,0,0,0,0,0
Twitter_g_205012,tid_5559,turn_4,0,0,0,0,0
Twitter_g_205012,tid_5559,turn_4,0,0,0,0,0
Twitter_g_207372,tid_2578,turn_1,0,0,0,0,0
Twitter_g_207372,tid_6157,turn_2,1,0,0,1,1
Twitter_g_207372,tid_6157,turn_2,0,0,0,0,0
Twitter_g_228268,tid_1297,turn_1,0,0,0,0,0
Twitter_g_228268,tid_1297,turn_1,0,0,0,0,0
Twitter_g_228268,tid_1297,turn_1,0,0,0,0,0
Twitter_g_228268,tid_931,turn_2,0,0,0,0,0
Twitter_g_228268,tid_931,turn_2,0,0,0,0,0
Twitter_g_228268,tid_931,turn_2,0,0,0,0,0
Twitter_g_228268,tid_931,turn_2,0,0,0,0,0
Twitter_g_228626,tid_7182,turn_1,0,0,0,0,0
Twitter_g_228626,tid_7182,turn_1,0,0,0,0,0
Twitter_g_228626,tid_111,turn_2,0,0,0,0,0
Twitter_g_228626,tid_111,turn_2,0,0,0,0,0
Twitter_g_228626,tid_111,turn_2,0,0,0,0,0
Twitter_g_235618,tid_5737,turn_1,0,0,0,0,0
Twitter_g_235618,tid_3881,turn_2,0,0,0,0,0
Twitter_g_235618,tid_3881,turn_2,0,0,0,0,0
Twitter_g_235618,tid_3881,turn_2,0,0,0,0,0
Twitter_g_236294,tid_2901,turn_1,0,0,0,0,0
Twitter_g_236294,tid_2901,turn_1,0,0,0,0,0
Twitter_g_236294,tid_2901,turn_1,0,0,0,0,0
Twitter_g_236294,tid_2901,turn_1,0,0,0,0,0
Twitter_g_236294,tid_6809,turn_2,0,0,0,0,0
Twitter_g_236294,tid_6809,turn_2,0,0,0,0,0
Twitter_g_236294,tid_6809,turn_2,0,0,0,0,0
Twitter_g_245839,tid_4947,turn_1,0,0,0,0,0
Twitter_g_245839,tid_2020,turn_2,0,0,0,0,0
Twitter_g_245839,tid_4025,turn_3,1,1,1,1,1
Twitter_g_245839,tid_4025,turn_3,0,0,0,0,0
Twitter_g_245839,tid_3044,turn_4,0,0,0,0,1
Twitter_g_245839,tid_3044,turn_4,0,0,0,0,0
Twitter_g_245839,tid_842,turn_5,0,0,0,0,0
Twitter_g_245839,tid_842,turn_5,1,1,1,1,1
Twitter_g_245839,tid_842,turn_5,1,1,1,0,1
Twitter_g_245839,tid_842,turn_5,0,0,0,0,0
Twitter_g_245839,tid_2572,turn_6,0,0,0,0,0
Twitter_g_245839,tid_2572,turn_6,0,0,0,0,0
Twitter_g_245839,tid_2572,turn_6,0,0,0,0,0
Twitter_g_245839,tid_3754,turn_7,0,0,0,0,0
Twitter_g_245839,tid_3754,turn_7,0,0,0,0,0
Twitter_g_245839,tid_4998,turn_8,0,0,0,0,0
Twitter_g_245839,tid_4998,turn_8,0,0,0,0,0
Twitter_g_245839,tid_6310,turn_9,0,0,0,0,0
Twitter_g_245839,tid_255,turn_10,0,0,0,0,0
Twitter_g_245839,tid_255,turn_10,0,0,0,0,0
Twitter_g_24722,tid_6203,turn_1,0,0,0,0,0
Twitter_g_24722,tid_2330,turn_2,1,0,0,1,0
Twitter_g_24722,tid_2330,turn_2,0,0,0,0,0
Twitter_g_247732,tid_586,turn_1,0,0,0,0,0
Twitter_g_247732,tid_586,turn_1,0,0,0,0,0
Twitter_g_247732,tid_586,turn_1,0,0,0,0,0
Twitter_g_247732,tid_7129,turn_2,0,0,0,0,0
Twitter_g_247732,tid_7129,turn_2,0,0,0,0,0
Twitter_g_255672,tid_1958,turn_1,0,0,0,0,0
Twitter_g_255672,tid_1958,turn_1,0,0,0,0,0
Twitter_g_255672,tid_1958,turn_1,0,0,0,0,0
Twitter_g_255672,tid_1958,turn_1,0,0,0,0,0
Twitter_g_255672,tid_1958,turn_1,0,0,0,0,0
Twitter_g_255672,tid_6351,turn_2,0,0,0,0,0
Twitter_g_255672,tid_1950,turn_3,0,0,0,0,0
Twitter_g_255672,tid_1950,turn_3,0,0,0,0,0
Twitter_g_255672,tid_1950,turn_3,0,0,0,0,0
Twitter_g_255672,tid_7828,turn_4,0,0,0,0,0
Twitter_g_270321,tid_5136,turn_1,0,0,0,0,0
Twitter_g_270321,tid_1811,turn_2,0,0,0,0,0
Twitter_g_270321,tid_1811,turn_2,0,0,0,0,0
Twitter_g_270321,tid_5627,turn_3,0,0,0,0,0
Twitter_g_270321,tid_7255,turn_4,0,0,0,0,0
Twitter_g_270321,tid_1872,turn_5,0,0,0,0,0
Twitter_g_270321,tid_5299,turn_6,0,0,0,0,0
Twitter_g_270321,tid_5299,turn_6,0,0,0,0,0
Twitter_g_270321,tid_5299,turn_6,0,0,0,0,0
Twitter_g_270321,tid_5299,turn_6,0,0,0,0,0
Twitter_g_28378,tid_6246,turn_2,0,0,0,0,0
Twitter_g_28378,tid_6246,turn_2,0,0,0,0,0
Twitter_g_28378,tid_6246,turn_2,0,0,0,0,0
Twitter_g_28378,tid_1595,turn_3,0,0,0,0,0
Twitter_g_28378,tid_1595,turn_3,0,0,0,0,0
Twitter_g_28378,tid_1595,turn_3,0,0,0,0,0
Twitter_g_28378,tid_7612,turn_4,0,0,0,0,0
Twitter_g_28378,tid_7612,turn_4,0,0,0,0,0
Twitter_g_28378,tid_7612,turn_4,0,0,0,0,0
Twitter_g_28378,tid_4856,turn_5,0,0,0,0,0
Twitter_g_28378,tid_4856,turn_5,0,0,0,0,0
Twitter_g_28378,tid_7330,turn_6,0,0,0,0,0
Twitter_g_28378,tid_7330,turn_6,0,0,0,0,0
Twitter_g_28378,tid_5673,turn_7,0,0,0,0,0
Twitter_g_28378,tid_5673,turn_7,0,0,0,0,0
Twitter_g_28378,tid_6038,turn_8,0,0,0,0,0
Twitter_g_28378,tid_6038,turn_8,0,0,0,0,0
Twitter_g_28378,tid_985,turn_9,0,0,0,0,0
Twitter_g_28378,tid_7791,turn_10,0,0,0,0,0
Twitter_g_28378,tid_3818,turn_11,0,0,0,0,0
Twitter_g_28378,tid_7329,turn_12,0,0,0,0,0
Twitter_g_28378,tid_7329,turn_12,0,0,0,0,0
Twitter_g_289116,tid_3274,turn_1,0,0,0,0,0
Twitter_g_289116,tid_5442,turn_2,0,0,0,0,0
Twitter_g_289116,tid_5442,turn_2,0,0,0,0,0
Twitter_g_289116,tid_5442,turn_2,0,0,0,0,0
Twitter_g_299817,tid_4267,turn_1,0,0,0,0,0
Twitter_g_299817,tid_3843,turn_2,0,0,0,0,0
Twitter_g_313751,tid_2492,turn_1,0,0,0,0,0
Twitter_g_313751,tid_4869,turn_2,0,0,0,0,0
Twitter_g_313751,tid_4869,turn_2,0,0,0,0,0
Twitter_g_334732,tid_2678,turn_1,0,0,0,0,0
Twitter_g_334732,tid_3081,turn_2,0,0,0,0,0
Twitter_g_334732,tid_3081,turn_2,0,0,0,0,0
Twitter_g_359642,tid_451,turn_1,0,0,0,0,0
Twitter_g_359642,tid_451,turn_1,0,0,0,0,0
Twitter_g_359642,tid_451,turn_1,0,0,0,0,0
Twitter_g_359642,tid_747,turn_2,0,0,0,0,0
Twitter_g_359642,tid_747,turn_2,0,0,0,0,0
Twitter_g_359642,tid_747,turn_2,0,0,0,0,0
Twitter_g_36490,tid_7109,turn_1,0,0,0,0,0
Twitter_g_36490,tid_7109,turn_1,0,0,0,0,0
Twitter_g_36490,tid_7876,turn_2,0,0,0,0,0
Twitter_g_36490,tid_7876,turn_2,0,0,0,0,0
Twitter_g_36490,tid_5572,turn_3,0,0,0,0,0
Twitter_g_36490,tid_5572,turn_3,0,0,0,0,0
Twitter_g_36490,tid_1238,turn_4,0,0,0,0,0
Twitter_g_36490,tid_1238,turn_4,0,0,0,0,0
Twitter_g_36490,tid_1238,turn_4,0,0,0,0,0
Twitter_g_36490,tid_1238,turn_4,0,0,0,0,0
Twitter_g_365854,tid_2642,turn_1,0,0,0,0,0
Twitter_g_365854,tid_2642,turn_1,0,0,0,0,0
Twitter_g_365854,tid_5586,turn_2,0,0,0,0,0
Twitter_g_365854,tid_5586,turn_2,0,0,0,0,0
Twitter_g_365854,tid_5586,turn_2,0,0,0,0,0
Twitter_g_366515,tid_1361,turn_1,0,0,0,0,0
Twitter_g_366515,tid_1361,turn_1,0,0,0,0,0
Twitter_g_366515,tid_7860,turn_2,0,0,0,0,0
Twitter_g_366515,tid_7860,turn_2,0,0,0,0,0
Twitter_g_366515,tid_7860,turn_2,0,0,0,0,0
Twitter_g_377638,tid_1003,turn_1,0,0,0,0,0
Twitter_g_377638,tid_1003,turn_1,0,0,0,0,0
Twitter_g_377638,tid_6746,turn_2,0,0,0,0,0
Twitter_g_383301,tid_5969,turn_1,0,0,0,0,0
Twitter_g_383301,tid_5969,turn_1,0,0,0,0,0
Twitter_g_383301,tid_5969,turn_1,0,0,0,0,0
Twitter_g_383301,tid_7033,turn_2,1,0,0,1,0
Twitter_g_383301,tid_7033,turn_2,0,0,0,0,0
Twitter_g_383301,tid_7033,turn_2,0,0,0,0,0
Twitter_g_383301,tid_7199,turn_3,0,0,0,0,0
Twitter_g_383301,tid_7199,turn_3,0,0,0,0,0
Twitter_g_414848,tid_763,turn_1,0,0,0,0,0
Twitter_g_414848,tid_763,turn_1,0,0,0,0,0
Twitter_g_414848,tid_763,turn_1,0,0,0,0,0
Twitter_g_414848,tid_912,turn_2,0,0,0,0,0
Twitter_g_414848,tid_7632,turn_3,0,0,1,0,0
Twitter_g_414848,tid_7556,turn_4,0,0,0,0,0
Twitter_g_4220,tid_841,turn_1,0,0,0,0,0
Twitter_g_4220,tid_841,turn_1,0,0,0,0,0
Twitter_g_4220,tid_7725,turn_2,0,0,0,0,0
Twitter_g_425994,tid_5793,turn_1,0,0,0,0,0
Twitter_g_425994,tid_5793,turn_1,0,0,0,0,0
Twitter_g_425994,tid_2142,turn_2,0,0,0,0,0
Twitter_g_425994,tid_2142,turn_2,0,0,0,0,0
Twitter_g_425994,tid_2142,turn_2,0,0,0,0,0
Twitter_g_425994,tid_2142,turn_2,0,0,0,0,0
Twitter_g_425994,tid_3329,turn_3,0,0,0,0,0
Twitter_g_425994,tid_3329,turn_3,0,0,0,0,0
Twitter_g_425994,tid_2283,turn_4,0,0,0,0,0
Twitter_g_425994,tid_2283,turn_4,0,0,0,0,0
Twitter_g_425994,tid_2283,turn_4,0,0,0,0,0
Twitter_g_425994,tid_2283,turn_4,0,0,0,0,0
Twitter_g_44958,tid_6276,turn_1,0,0,0,0,0
Twitter_g_44958,tid_6276,turn_1,0,0,0,0,0
Twitter_g_44958,tid_6276,turn_1,0,0,0,0,0
Twitter_g_44958,tid_6276,turn_1,0,0,0,0,0
Twitter_g_44958,tid_6276,turn_1,0,0,0,0,0
Twitter_g_44958,tid_3176,turn_2,0,0,0,0,0
Twitter_g_44958,tid_3176,turn_2,0,0,0,0,0
Twitter_g_44958,tid_3176,turn_2,0,0,0,0,0
Twitter_g_45111,tid_685,turn_1,0,0,0,0,0
Twitter_g_45111,tid_3813,turn_2,0,0,0,0,0
Twitter_g_45111,tid_3813,turn_2,0,0,0,0,0
Twitter_g_45111,tid_3468,turn_3,0,0,0,0,0
Twitter_g_45111,tid_1511,turn_4,0,0,0,0,0
Twitter_g_45111,tid_1511,turn_4,0,0,0,0,0
Twitter_g_45111,tid_1511,turn_4,0,0,0,0,0
Twitter_g_483517,tid_7068,turn_1,0,0,0,0,0
Twitter_g_483517,tid_1318,turn_2,0,0,0,0,0
Twitter_g_483517,tid_1318,turn_2,0,0,0,0,0
Twitter_g_483517,tid_1318,turn_2,0,0,0,0,0
Twitter_g_483517,tid_6688,turn_3,0,0,0,0,0
Twitter_g_483517,tid_3226,turn_4,0,0,0,0,0
Twitter_g_483517,tid_3226,turn_4,0,0,0,0,0
Twitter_g_483870,tid_4094,turn_1,0,0,0,0,0
Twitter_g_483870,tid_4094,turn_1,0,0,0,0,0
Twitter_g_483870,tid_4094,turn_1,0,0,0,0,0
Twitter_g_483870,tid_3878,turn_2,0,0,0,0,0
Twitter_g_483870,tid_3878,turn_2,0,0,0,0,0
Twitter_g_483870,tid_3878,turn_2,1,1,1,1,1
Twitter_g_483870,tid_3878,turn_2,0,0,0,0,0
Twitter_g_483870,tid_3878,turn_2,0,0,0,0,0
Twitter_g_484583,tid_5209,turn_1,0,0,0,0,0
Twitter_g_484583,tid_5209,turn_1,0,0,0,0,0
Twitter_g_484583,tid_1218,turn_2,0,0,0,0,0
Twitter_g_484583,tid_1218,turn_2,0,0,0,0,0
Twitter_g_489272,tid_3580,turn_1,0,0,0,0,0
Twitter_g_489272,tid_3580,turn_1,0,0,0,0,0
Twitter_g_489272,tid_3580,turn_1,0,0,0,0,0
Twitter_g_489272,tid_7478,turn_2,1,1,1,1,1
Twitter_g_489272,tid_7478,turn_2,0,0,0,0,0
Twitter_g_489272,tid_7478,turn_2,0,0,0,0,0
Twitter_g_502792,tid_6339,turn_1,0,0,0,0,0
Twitter_g_502792,tid_2854,turn_2,0,0,0,0,0
Twitter_g_502792,tid_2125,turn_3,0,0,0,0,0
Twitter_g_502792,tid_2125,turn_3,0,0,0,0,0
Twitter_g_502792,tid_5355,turn_4,0,0,0,0,0
Twitter_g_502792,tid_5355,turn_4,0,0,0,0,0
Twitter_g_502792,tid_5355,turn_4,0,0,0,0,0
Twitter_g_503120,tid_3621,turn_1,0,0,0,0,0
Twitter_g_503120,tid_3621,turn_1,0,0,0,0,0
Twitter_g_503120,tid_6347,turn_2,0,0,0,0,0
Twitter_g_503120,tid_6347,turn_2,0,0,0,0,0
Twitter_g_503120,tid_6347,turn_2,0,0,0,0,0
Twitter_g_53922,tid_4119,turn_1,0,0,0,0,0
Twitter_g_53922,tid_4119,turn_1,0,0,0,0,0
Twitter_g_53922,tid_5694,turn_2,0,0,0,0,0
Twitter_g_556771,tid_238,turn_1,0,0,0,0,0
Twitter_g_556771,tid_107,turn_2,0,0,0,0,0
Twitter_g_556771,tid_107,turn_2,0,0,0,0,0
Twitter_g_556771,tid_5123,turn_3,0,0,0,0,0
Twitter_g_556771,tid_5123,turn_3,0,0,0,0,0
Twitter_g_556771,tid_4273,turn_4,0,0,0,0,0
Twitter_g_556771,tid_4273,turn_4,0,0,0,0,0
Twitter_g_556771,tid_4273,turn_4,0,0,0,0,0
Twitter_g_561032,tid_6523,turn_1,0,0,0,0,0
Twitter_g_561032,tid_3480,turn_2,0,0,0,0,0
Twitter_g_561032,tid_3480,turn_2,0,0,0,0,0
Twitter_g_563990,tid_1859,turn_1,0,0,0,0,0
Twitter_g_563990,tid_1859,turn_1,0,0,0,0,0
Twitter_g_563990,tid_1859,turn_1,0,0,0,0,0
Twitter_g_563990,tid_1859,turn_1,0,0,0,0,0
Twitter_g_563990,tid_5929,turn_2,0,0,0,0,0
Twitter_g_563990,tid_5929,turn_2,0,0,0,0,0
Twitter_g_563990,tid_5929,turn_2,0,0,0,0,0
Twitter_g_563990,tid_5929,turn_2,0,0,0,0,0
Twitter_g_581895,tid_6313,turn_1,0,0,0,0,0
Twitter_g_581895,tid_6313,turn_1,1,1,1,1,1
Twitter_g_581895,tid_3763,turn_2,0,0,0,0,0
Twitter_g_581895,tid_3763,turn_2,0,0,0,0,0
Twitter_g_581895,tid_3763,turn_2,0,0,0,0,0
Twitter_g_581895,tid_3763,turn_2,0,0,0,0,0
Twitter_g_587449,tid_6900,turn_1,0,0,0,0,0
Twitter_g_587449,tid_6900,turn_1,0,0,0,0,0
Twitter_g_587449,tid_3713,turn_2,0,0,0,0,0
Twitter_g_587449,tid_3713,turn_2,0,0,0,0,0
Twitter_g_587449,tid_3713,turn_2,0,0,0,0,0
Twitter_g_589502,tid_5141,turn_1,0,0,0,0,0
Twitter_g_589502,tid_5141,turn_1,0,0,0,0,0
Twitter_g_589502,tid_5141,turn_1,0,0,0,0,0
Twitter_g_589502,tid_5479,turn_2,0,0,0,0,0
Twitter_g_589502,tid_5479,turn_2,0,0,0,0,0
Twitter_g_589502,tid_5479,turn_2,0,0,0,0,0
Twitter_g_589502,tid_2003,turn_3,0,0,0,0,0
Twitter_g_589502,tid_5988,turn_4,0,0,0,0,0
Twitter_g_589502,tid_5988,turn_4,0,0,0,0,0
Twitter_g_589502,tid_2806,turn_5,0,0,0,0,0
Twitter_g_589502,tid_1820,turn_6,0,0,0,0,0
Twitter_g_589502,tid_1820,turn_6,0,0,0,0,0
Twitter_g_599741,tid_7755,turn_1,0,0,0,0,0
Twitter_g_599741,tid_7755,turn_1,0,0,0,0,0
Twitter_g_599741,tid_7755,turn_1,1,1,1,1,1
Twitter_g_599741,tid_7755,turn_1,0,0,0,0,0
Twitter_g_599741,tid_7755,turn_1,0,0,0,0,0
Twitter_g_599741,tid_7755,turn_1,0,0,0,0,0
Twitter_g_599741,tid_7755,turn_1,0,0,0,0,0
Twitter_g_599741,tid_4112,turn_2,0,0,0,0,0
Twitter_g_599741,tid_4112,turn_2,0,0,0,0,0
Twitter_g_599741,tid_812,turn_3,1,1,1,1,1
Twitter_g_599741,tid_812,turn_3,0,0,0,0,0
Twitter_g_599741,tid_812,turn_3,0,0,0,0,0
Twitter_g_599741,tid_600,turn_4,0,0,0,0,0
Twitter_g_599741,tid_600,turn_4,0,0,0,0,0
Twitter_g_606941,tid_3869,turn_1,0,0,0,0,0
Twitter_g_606941,tid_4392,turn_2,0,0,0,0,0
Twitter_g_606941,tid_4392,turn_2,0,0,0,0,0
Twitter_g_616614,tid_1068,turn_1,0,0,0,0,0
Twitter_g_616614,tid_1068,turn_1,0,0,0,0,0
Twitter_g_616614,tid_4898,turn_2,0,0,0,0,0
Twitter_g_616614,tid_4898,turn_2,0,0,0,0,0
Twitter_g_616614,tid_4898,turn_2,0,0,0,0,0
Twitter_g_642657,tid_1209,turn_1,0,0,0,0,0
Twitter_g_642657,tid_1209,turn_1,0,0,0,0,0
Twitter_g_642657,tid_1209,turn_1,0,0,0,0,0
Twitter_g_642657,tid_6614,turn_2,0,0,0,0,0
Twitter_g_662016,tid_5441,turn_1,0,0,0,0,0
Twitter_g_662016,tid_5233,turn_2,0,0,0,0,0
Twitter_g_662016,tid_5233,turn_2,0,0,0,0,0
Twitter_g_662016,tid_4953,turn_3,0,0,0,0,0
Twitter_g_662016,tid_352,turn_4,0,0,0,0,0
Twitter_g_662016,tid_352,turn_4,0,0,0,0,0
Twitter_g_662016,tid_3498,turn_5,0,0,0,0,0
Twitter_g_662016,tid_2715,turn_6,0,0,0,0,0
Twitter_g_662016,tid_7293,turn_7,0,0,0,0,0
Twitter_g_662016,tid_2426,turn_8,0,0,0,0,0
Twitter_g_662016,tid_7052,turn_9,0,0,0,0,0
Twitter_g_662016,tid_6178,turn_10,0,0,0,0,0
Twitter_g_673214,tid_6661,turn_1,0,0,0,0,0
Twitter_g_673214,tid_563,turn_2,0,0,0,0,0
Twitter_g_673214,tid_3021,turn_3,0,0,0,0,0
Twitter_g_673214,tid_3417,turn_4,0,0,0,0,0
Twitter_g_674453,tid_4688,turn_1,0,0,0,0,0
Twitter_g_674453,tid_4688,turn_1,0,0,0,0,0
Twitter_g_674453,tid_5134,turn_2,0,0,0,0,0
Twitter_g_674453,tid_5134,turn_2,0,0,0,0,0
Twitter_g_674453,tid_5134,turn_2,0,0,0,0,0
Twitter_g_674453,tid_5134,turn_2,0,1,0,0,0
Twitter_g_674453,tid_5438,turn_3,0,0,0,0,0
Twitter_g_674453,tid_5438,turn_3,0,0,0,0,0
Twitter_g_674453,tid_1072,turn_4,0,0,0,0,0
Twitter_g_674453,tid_1072,turn_4,0,0,0,0,0
Twitter_g_675228,tid_7922,turn_1,0,0,0,0,0
Twitter_g_675228,tid_7922,turn_1,0,0,0,0,0
Twitter_g_675228,tid_7922,turn_1,0,0,0,0,0
Twitter_g_675228,tid_7442,turn_2,0,0,0,0,0
Twitter_g_675228,tid_7442,turn_2,0,0,0,0,0
Twitter_g_675228,tid_5683,turn_4,0,0,0,0,0
Twitter_g_675228,tid_5683,turn_4,0,0,0,0,0
Twitter_g_682315,tid_3790,turn_2,0,0,0,0,0
Twitter_g_682315,tid_3109,turn_5,0,0,0,0,0
Twitter_g_682315,tid_3109,turn_5,0,0,0,0,0
Twitter_g_682315,tid_3109,turn_5,0,0,0,0,0
Twitter_g_682315,tid_6665,turn_6,0,0,0,0,0
Twitter_g_682315,tid_6665,turn_6,0,0,0,0,0
Twitter_g_69446,tid_5815,turn_1,0,0,0,0,0
Twitter_g_69446,tid_6778,turn_2,0,0,0,0,0
Twitter_g_69446,tid_6778,turn_2,0,0,0,0,0
Twitter_g_69446,tid_4297,turn_3,0,0,0,0,0
Twitter_g_69446,tid_4297,turn_3,0,0,0,0,0
Twitter_g_69446,tid_4297,turn_3,0,0,0,0,0
Twitter_g_69446,tid_509,turn_4,0,0,0,0,0
Twitter_g_69446,tid_509,turn_4,0,0,0,0,0
Twitter_g_69446,tid_509,turn_4,0,0,0,0,0
Twitter_g_69446,tid_1955,turn_5,0,0,0,0,0
Twitter_g_69446,tid_2544,turn_6,0,0,0,0,0
Twitter_g_69446,tid_3459,turn_7,0,0,0,0,0
Twitter_g_69446,tid_3459,turn_7,1,0,1,0,0
Twitter_g_69446,tid_3459,turn_7,0,0,0,0,0
Twitter_g_69446,tid_1211,turn_8,0,0,0,0,0
Twitter_g_723289,tid_4959,turn_1,0,0,0,0,0
Twitter_g_723289,tid_4959,turn_1,0,0,0,0,0
Twitter_g_723289,tid_3939,turn_2,1,1,1,1,1
Twitter_g_723289,tid_3939,turn_2,1,1,1,1,1
Twitter_g_723289,tid_7813,turn_3,1,1,1,1,1
Twitter_g_723289,tid_7813,turn_3,1,0,0,1,0
Twitter_g_723289,tid_5955,turn_4,1,1,1,1,1
Twitter_g_723289,tid_5955,turn_4,1,1,0,0,0
Twitter_g_723289,tid_5955,turn_4,0,0,0,0,0
Twitter_g_723289,tid_5955,turn_4,0,0,0,0,0
Twitter_g_723289,tid_5955,turn_4,0,0,0,0,0
Twitter_g_723289,tid_5955,turn_4,0,0,0,0,0
Twitter_g_723289,tid_5955,turn_4,0,0,0,0,0
Twitter_g_723289,tid_5955,turn_4,0,0,0,0,0
Twitter_g_723965,tid_2796,turn_1,0,0,0,0,0
Twitter_g_723965,tid_2796,turn_1,0,0,0,0,0
Twitter_g_723965,tid_2796,turn_1,0,0,0,0,0
Twitter_g_723965,tid_6091,turn_2,0,0,0,0,0
Twitter_g_723965,tid_6091,turn_2,0,0,0,0,0
Twitter_g_723965,tid_1551,turn_3,0,0,0,0,0
Twitter_g_723965,tid_1551,turn_3,0,1,0,0,0
Twitter_g_723965,tid_5801,turn_4,0,0,0,0,0
Twitter_g_723965,tid_5801,turn_4,0,0,0,0,0
Twitter_g_723965,tid_684,turn_5,0,0,0,0,0
Twitter_g_723965,tid_828,turn_6,0,0,0,0,0
Twitter_g_723965,tid_828,turn_6,0,0,0,0,0
Twitter_g_727148,tid_1579,turn_1,0,0,0,0,0
Twitter_g_727148,tid_1579,turn_1,0,0,0,0,0
Twitter_g_727148,tid_4067,turn_2,0,0,0,0,0
Twitter_g_727148,tid_4067,turn_2,0,0,0,0,0
Twitter_g_765558,tid_5958,turn_1,0,0,0,0,0
Twitter_g_765558,tid_6304,turn_2,0,0,0,0,0
Twitter_g_765558,tid_6304,turn_2,0,0,0,0,0
Twitter_g_767411,tid_320,turn_1,0,0,0,0,0
Twitter_g_767411,tid_5052,turn_2,0,0,0,0,0
Twitter_g_767411,tid_6568,turn_3,0,0,0,0,0
Twitter_g_767411,tid_6568,turn_3,0,0,0,0,0
Twitter_g_767411,tid_996,turn_4,0,0,0,0,0
Twitter_g_767411,tid_996,turn_4,0,0,0,0,1
Twitter_g_767411,tid_996,turn_4,0,0,0,0,0
Twitter_g_779047,tid_4566,turn_1,0,0,0,0,0
Twitter_g_779047,tid_4566,turn_1,0,0,0,0,0
Twitter_g_779047,tid_4566,turn_1,0,0,0,0,0
Twitter_g_779047,tid_4566,turn_1,0,0,0,0,0
Twitter_g_779047,tid_3607,turn_2,0,0,0,0,0
Twitter_g_779047,tid_3607,turn_2,0,0,0,0,0
Twitter_g_783770,tid_7271,turn_1,0,0,0,0,0
Twitter_g_783770,tid_6670,turn_2,0,0,0,0,0
Twitter_g_783770,tid_6670,turn_2,0,0,0,0,0
Twitter_g_783770,tid_6670,turn_2,0,0,0,0,0
Twitter_g_786365,tid_4631,turn_1,0,0,0,0,0
Twitter_g_786365,tid_4631,turn_1,0,0,0,0,0
Twitter_g_786365,tid_3504,turn_2,0,0,0,0,0
Twitter_g_786365,tid_3504,turn_2,0,0,0,0,0
Twitter_g_786365,tid_3504,turn_2,0,0,0,0,0
Twitter_g_786365,tid_3504,turn_2,0,0,0,0,0
Twitter_g_95250,tid_4569,turn_1,1,1,1,1,1
Twitter_g_95250,tid_4569,turn_1,0,0,0,0,0
Twitter_g_95250,tid_4569,turn_1,0,0,0,0,0
Twitter_g_95250,tid_4569,turn_1,0,0,0,0,0
Twitter_g_95250,tid_4569,turn_1,0,0,0,0,0
Twitter_g_95250,tid_5855,turn_2,0,0,0,0,0
Twitter_g_95250,tid_5855,turn_2,0,0,0,0,0
Twitter_g_95250,tid_5855,turn_2,0,0,0,0,0
Twitter_g_95250,tid_7891,turn_3,0,0,0,0,0
Twitter_g_95250,tid_7891,turn_3,0,0,0,0,0
Twitter_g_95250,tid_7150,turn_4,0,0,0,0,0
Twitter_g_95250,tid_7150,turn_4,0,0,0,0,0